[2026-02-05T11:19:59.775+0000] {processor.py:161} INFO - Started process (PID=167) to work on /opt/airflow/dags/microscopy_clean_n_move.py
[2026-02-05T11:19:59.775+0000] {processor.py:830} INFO - Processing file /opt/airflow/dags/microscopy_clean_n_move.py for tasks to queue
[2026-02-05T11:19:59.775+0000] {logging_mixin.py:188} INFO - [2026-02-05T11:19:59.775+0000] {dagbag.py:540} INFO - Filling up the DagBag from /opt/airflow/dags/microscopy_clean_n_move.py
[2026-02-05T11:19:59.805+0000] {processor.py:840} INFO - DAG(s) 'microscopy_cleanup_n_copy' retrieved from /opt/airflow/dags/microscopy_clean_n_move.py
[2026-02-05T11:19:59.875+0000] {logging_mixin.py:188} INFO - [2026-02-05T11:19:59.875+0000] {override.py:1769} INFO - Created Permission View: can read on DAG:microscopy_cleanup_n_copy
[2026-02-05T11:19:59.880+0000] {logging_mixin.py:188} INFO - [2026-02-05T11:19:59.879+0000] {override.py:1769} INFO - Created Permission View: can delete on DAG:microscopy_cleanup_n_copy
[2026-02-05T11:19:59.882+0000] {logging_mixin.py:188} INFO - [2026-02-05T11:19:59.882+0000] {override.py:1769} INFO - Created Permission View: can edit on DAG:microscopy_cleanup_n_copy
[2026-02-05T11:19:59.883+0000] {logging_mixin.py:188} INFO - [2026-02-05T11:19:59.883+0000] {dag.py:3047} INFO - Sync 1 DAGs
[2026-02-05T11:19:59.885+0000] {logging_mixin.py:188} INFO - [2026-02-05T11:19:59.885+0000] {dag.py:3069} INFO - Creating ORM DAG for microscopy_cleanup_n_copy
[2026-02-05T11:19:59.888+0000] {logging_mixin.py:188} INFO - [2026-02-05T11:19:59.888+0000] {dag.py:3834} INFO - Setting next_dagrun for microscopy_cleanup_n_copy to 2026-02-05 11:10:00+00:00, run_after=2026-02-05 11:15:00+00:00
[2026-02-05T11:19:59.895+0000] {processor.py:183} INFO - Processing /opt/airflow/dags/microscopy_clean_n_move.py took 0.121 seconds
[2026-02-05T11:20:30.077+0000] {processor.py:161} INFO - Started process (PID=174) to work on /opt/airflow/dags/microscopy_clean_n_move.py
[2026-02-05T11:20:30.078+0000] {processor.py:830} INFO - Processing file /opt/airflow/dags/microscopy_clean_n_move.py for tasks to queue
[2026-02-05T11:20:30.079+0000] {logging_mixin.py:188} INFO - [2026-02-05T11:20:30.079+0000] {dagbag.py:540} INFO - Filling up the DagBag from /opt/airflow/dags/microscopy_clean_n_move.py
[2026-02-05T11:20:30.124+0000] {processor.py:840} INFO - DAG(s) 'microscopy_cleanup_n_copy' retrieved from /opt/airflow/dags/microscopy_clean_n_move.py
[2026-02-05T11:20:30.140+0000] {logging_mixin.py:188} INFO - [2026-02-05T11:20:30.140+0000] {dag.py:3047} INFO - Sync 1 DAGs
[2026-02-05T11:20:30.147+0000] {logging_mixin.py:188} INFO - [2026-02-05T11:20:30.147+0000] {dag.py:3834} INFO - Setting next_dagrun for microscopy_cleanup_n_copy to 2026-02-05 11:15:00+00:00, run_after=2026-02-05 11:20:00+00:00
[2026-02-05T11:20:30.153+0000] {processor.py:183} INFO - Processing /opt/airflow/dags/microscopy_clean_n_move.py took 0.080 seconds
[2026-02-05T11:21:00.430+0000] {processor.py:161} INFO - Started process (PID=179) to work on /opt/airflow/dags/microscopy_clean_n_move.py
[2026-02-05T11:21:00.431+0000] {processor.py:830} INFO - Processing file /opt/airflow/dags/microscopy_clean_n_move.py for tasks to queue
[2026-02-05T11:21:00.431+0000] {logging_mixin.py:188} INFO - [2026-02-05T11:21:00.431+0000] {dagbag.py:540} INFO - Filling up the DagBag from /opt/airflow/dags/microscopy_clean_n_move.py
[2026-02-05T11:21:00.481+0000] {processor.py:840} INFO - DAG(s) 'microscopy_cleanup_n_copy' retrieved from /opt/airflow/dags/microscopy_clean_n_move.py
[2026-02-05T11:21:00.494+0000] {logging_mixin.py:188} INFO - [2026-02-05T11:21:00.494+0000] {dag.py:3047} INFO - Sync 1 DAGs
[2026-02-05T11:21:00.501+0000] {logging_mixin.py:188} INFO - [2026-02-05T11:21:00.501+0000] {dag.py:3834} INFO - Setting next_dagrun for microscopy_cleanup_n_copy to 2026-02-05 11:15:00+00:00, run_after=2026-02-05 11:20:00+00:00
[2026-02-05T11:21:00.510+0000] {processor.py:183} INFO - Processing /opt/airflow/dags/microscopy_clean_n_move.py took 0.083 seconds
[2026-02-05T11:21:30.723+0000] {processor.py:161} INFO - Started process (PID=184) to work on /opt/airflow/dags/microscopy_clean_n_move.py
[2026-02-05T11:21:30.725+0000] {processor.py:830} INFO - Processing file /opt/airflow/dags/microscopy_clean_n_move.py for tasks to queue
[2026-02-05T11:21:30.726+0000] {logging_mixin.py:188} INFO - [2026-02-05T11:21:30.725+0000] {dagbag.py:540} INFO - Filling up the DagBag from /opt/airflow/dags/microscopy_clean_n_move.py
[2026-02-05T11:21:30.775+0000] {processor.py:840} INFO - DAG(s) 'microscopy_cleanup_n_copy' retrieved from /opt/airflow/dags/microscopy_clean_n_move.py
[2026-02-05T11:21:30.785+0000] {logging_mixin.py:188} INFO - [2026-02-05T11:21:30.785+0000] {dag.py:3047} INFO - Sync 1 DAGs
[2026-02-05T11:21:30.793+0000] {logging_mixin.py:188} INFO - [2026-02-05T11:21:30.793+0000] {dag.py:3834} INFO - Setting next_dagrun for microscopy_cleanup_n_copy to 2026-02-05 11:15:00+00:00, run_after=2026-02-05 11:20:00+00:00
[2026-02-05T11:21:30.800+0000] {processor.py:183} INFO - Processing /opt/airflow/dags/microscopy_clean_n_move.py took 0.080 seconds
[2026-02-05T11:22:01.079+0000] {processor.py:161} INFO - Started process (PID=189) to work on /opt/airflow/dags/microscopy_clean_n_move.py
[2026-02-05T11:22:01.080+0000] {processor.py:830} INFO - Processing file /opt/airflow/dags/microscopy_clean_n_move.py for tasks to queue
[2026-02-05T11:22:01.081+0000] {logging_mixin.py:188} INFO - [2026-02-05T11:22:01.081+0000] {dagbag.py:540} INFO - Filling up the DagBag from /opt/airflow/dags/microscopy_clean_n_move.py
[2026-02-05T11:22:01.129+0000] {processor.py:840} INFO - DAG(s) 'microscopy_cleanup_n_copy' retrieved from /opt/airflow/dags/microscopy_clean_n_move.py
[2026-02-05T11:22:01.141+0000] {logging_mixin.py:188} INFO - [2026-02-05T11:22:01.141+0000] {dag.py:3047} INFO - Sync 1 DAGs
[2026-02-05T11:22:01.149+0000] {logging_mixin.py:188} INFO - [2026-02-05T11:22:01.149+0000] {dag.py:3834} INFO - Setting next_dagrun for microscopy_cleanup_n_copy to 2026-02-05 11:15:00+00:00, run_after=2026-02-05 11:20:00+00:00
[2026-02-05T11:22:01.158+0000] {processor.py:183} INFO - Processing /opt/airflow/dags/microscopy_clean_n_move.py took 0.083 seconds
[2026-02-05T11:22:31.357+0000] {processor.py:161} INFO - Started process (PID=194) to work on /opt/airflow/dags/microscopy_clean_n_move.py
[2026-02-05T11:22:31.359+0000] {processor.py:830} INFO - Processing file /opt/airflow/dags/microscopy_clean_n_move.py for tasks to queue
[2026-02-05T11:22:31.360+0000] {logging_mixin.py:188} INFO - [2026-02-05T11:22:31.359+0000] {dagbag.py:540} INFO - Filling up the DagBag from /opt/airflow/dags/microscopy_clean_n_move.py
[2026-02-05T11:22:31.412+0000] {processor.py:840} INFO - DAG(s) 'microscopy_cleanup_n_copy' retrieved from /opt/airflow/dags/microscopy_clean_n_move.py
[2026-02-05T11:22:31.426+0000] {logging_mixin.py:188} INFO - [2026-02-05T11:22:31.425+0000] {dag.py:3047} INFO - Sync 1 DAGs
[2026-02-05T11:22:31.432+0000] {logging_mixin.py:188} INFO - [2026-02-05T11:22:31.432+0000] {dag.py:3834} INFO - Setting next_dagrun for microscopy_cleanup_n_copy to 2026-02-05 11:15:00+00:00, run_after=2026-02-05 11:20:00+00:00
[2026-02-05T11:22:31.441+0000] {processor.py:183} INFO - Processing /opt/airflow/dags/microscopy_clean_n_move.py took 0.087 seconds
[2026-02-05T11:23:01.747+0000] {processor.py:161} INFO - Started process (PID=199) to work on /opt/airflow/dags/microscopy_clean_n_move.py
[2026-02-05T11:23:01.748+0000] {processor.py:830} INFO - Processing file /opt/airflow/dags/microscopy_clean_n_move.py for tasks to queue
[2026-02-05T11:23:01.749+0000] {logging_mixin.py:188} INFO - [2026-02-05T11:23:01.748+0000] {dagbag.py:540} INFO - Filling up the DagBag from /opt/airflow/dags/microscopy_clean_n_move.py
[2026-02-05T11:23:01.797+0000] {processor.py:840} INFO - DAG(s) 'microscopy_cleanup_n_copy' retrieved from /opt/airflow/dags/microscopy_clean_n_move.py
[2026-02-05T11:23:01.807+0000] {logging_mixin.py:188} INFO - [2026-02-05T11:23:01.807+0000] {dag.py:3047} INFO - Sync 1 DAGs
[2026-02-05T11:23:01.814+0000] {logging_mixin.py:188} INFO - [2026-02-05T11:23:01.814+0000] {dag.py:3834} INFO - Setting next_dagrun for microscopy_cleanup_n_copy to 2026-02-05 11:15:00+00:00, run_after=2026-02-05 11:20:00+00:00
[2026-02-05T11:23:01.821+0000] {processor.py:183} INFO - Processing /opt/airflow/dags/microscopy_clean_n_move.py took 0.078 seconds
[2026-02-05T11:23:32.046+0000] {processor.py:161} INFO - Started process (PID=204) to work on /opt/airflow/dags/microscopy_clean_n_move.py
[2026-02-05T11:23:32.047+0000] {processor.py:830} INFO - Processing file /opt/airflow/dags/microscopy_clean_n_move.py for tasks to queue
[2026-02-05T11:23:32.048+0000] {logging_mixin.py:188} INFO - [2026-02-05T11:23:32.048+0000] {dagbag.py:540} INFO - Filling up the DagBag from /opt/airflow/dags/microscopy_clean_n_move.py
[2026-02-05T11:23:32.094+0000] {processor.py:840} INFO - DAG(s) 'microscopy_cleanup_n_copy' retrieved from /opt/airflow/dags/microscopy_clean_n_move.py
[2026-02-05T11:23:32.115+0000] {logging_mixin.py:188} INFO - [2026-02-05T11:23:32.115+0000] {dag.py:3047} INFO - Sync 1 DAGs
[2026-02-05T11:23:32.124+0000] {logging_mixin.py:188} INFO - [2026-02-05T11:23:32.123+0000] {dag.py:3834} INFO - Setting next_dagrun for microscopy_cleanup_n_copy to 2026-02-05 11:15:00+00:00, run_after=2026-02-05 11:20:00+00:00
[2026-02-05T11:23:32.131+0000] {processor.py:183} INFO - Processing /opt/airflow/dags/microscopy_clean_n_move.py took 0.090 seconds
[2026-02-05T11:24:02.444+0000] {processor.py:161} INFO - Started process (PID=209) to work on /opt/airflow/dags/microscopy_clean_n_move.py
[2026-02-05T11:24:02.445+0000] {processor.py:830} INFO - Processing file /opt/airflow/dags/microscopy_clean_n_move.py for tasks to queue
[2026-02-05T11:24:02.446+0000] {logging_mixin.py:188} INFO - [2026-02-05T11:24:02.446+0000] {dagbag.py:540} INFO - Filling up the DagBag from /opt/airflow/dags/microscopy_clean_n_move.py
[2026-02-05T11:24:02.503+0000] {processor.py:840} INFO - DAG(s) 'microscopy_cleanup_n_copy' retrieved from /opt/airflow/dags/microscopy_clean_n_move.py
[2026-02-05T11:24:02.519+0000] {logging_mixin.py:188} INFO - [2026-02-05T11:24:02.519+0000] {dag.py:3047} INFO - Sync 1 DAGs
[2026-02-05T11:24:02.528+0000] {logging_mixin.py:188} INFO - [2026-02-05T11:24:02.528+0000] {dag.py:3834} INFO - Setting next_dagrun for microscopy_cleanup_n_copy to 2026-02-05 11:15:00+00:00, run_after=2026-02-05 11:20:00+00:00
[2026-02-05T11:24:02.536+0000] {processor.py:183} INFO - Processing /opt/airflow/dags/microscopy_clean_n_move.py took 0.096 seconds
[2026-02-05T11:24:32.741+0000] {processor.py:161} INFO - Started process (PID=214) to work on /opt/airflow/dags/microscopy_clean_n_move.py
[2026-02-05T11:24:32.743+0000] {processor.py:830} INFO - Processing file /opt/airflow/dags/microscopy_clean_n_move.py for tasks to queue
[2026-02-05T11:24:32.744+0000] {logging_mixin.py:188} INFO - [2026-02-05T11:24:32.743+0000] {dagbag.py:540} INFO - Filling up the DagBag from /opt/airflow/dags/microscopy_clean_n_move.py
[2026-02-05T11:24:32.792+0000] {processor.py:840} INFO - DAG(s) 'microscopy_cleanup_n_copy' retrieved from /opt/airflow/dags/microscopy_clean_n_move.py
[2026-02-05T11:24:32.803+0000] {logging_mixin.py:188} INFO - [2026-02-05T11:24:32.803+0000] {dag.py:3047} INFO - Sync 1 DAGs
[2026-02-05T11:24:32.811+0000] {logging_mixin.py:188} INFO - [2026-02-05T11:24:32.811+0000] {dag.py:3834} INFO - Setting next_dagrun for microscopy_cleanup_n_copy to 2026-02-05 11:15:00+00:00, run_after=2026-02-05 11:20:00+00:00
[2026-02-05T11:24:32.818+0000] {processor.py:183} INFO - Processing /opt/airflow/dags/microscopy_clean_n_move.py took 0.081 seconds
[2026-02-05T11:25:03.121+0000] {processor.py:161} INFO - Started process (PID=219) to work on /opt/airflow/dags/microscopy_clean_n_move.py
[2026-02-05T11:25:03.123+0000] {processor.py:830} INFO - Processing file /opt/airflow/dags/microscopy_clean_n_move.py for tasks to queue
[2026-02-05T11:25:03.124+0000] {logging_mixin.py:188} INFO - [2026-02-05T11:25:03.123+0000] {dagbag.py:540} INFO - Filling up the DagBag from /opt/airflow/dags/microscopy_clean_n_move.py
[2026-02-05T11:25:03.172+0000] {processor.py:840} INFO - DAG(s) 'microscopy_cleanup_n_copy' retrieved from /opt/airflow/dags/microscopy_clean_n_move.py
[2026-02-05T11:25:03.185+0000] {logging_mixin.py:188} INFO - [2026-02-05T11:25:03.185+0000] {dag.py:3047} INFO - Sync 1 DAGs
[2026-02-05T11:25:03.194+0000] {logging_mixin.py:188} INFO - [2026-02-05T11:25:03.194+0000] {dag.py:3834} INFO - Setting next_dagrun for microscopy_cleanup_n_copy to 2026-02-05 11:20:00+00:00, run_after=2026-02-05 11:25:00+00:00
[2026-02-05T11:25:03.204+0000] {processor.py:183} INFO - Processing /opt/airflow/dags/microscopy_clean_n_move.py took 0.088 seconds
[2026-02-05T11:25:33.397+0000] {processor.py:161} INFO - Started process (PID=224) to work on /opt/airflow/dags/microscopy_clean_n_move.py
[2026-02-05T11:25:33.398+0000] {processor.py:830} INFO - Processing file /opt/airflow/dags/microscopy_clean_n_move.py for tasks to queue
[2026-02-05T11:25:33.399+0000] {logging_mixin.py:188} INFO - [2026-02-05T11:25:33.398+0000] {dagbag.py:540} INFO - Filling up the DagBag from /opt/airflow/dags/microscopy_clean_n_move.py
[2026-02-05T11:25:33.453+0000] {processor.py:840} INFO - DAG(s) 'microscopy_cleanup_n_copy' retrieved from /opt/airflow/dags/microscopy_clean_n_move.py
[2026-02-05T11:25:33.470+0000] {logging_mixin.py:188} INFO - [2026-02-05T11:25:33.470+0000] {dag.py:3047} INFO - Sync 1 DAGs
[2026-02-05T11:25:33.477+0000] {logging_mixin.py:188} INFO - [2026-02-05T11:25:33.477+0000] {dag.py:3834} INFO - Setting next_dagrun for microscopy_cleanup_n_copy to 2026-02-05 11:20:00+00:00, run_after=2026-02-05 11:25:00+00:00
[2026-02-05T11:25:33.487+0000] {processor.py:183} INFO - Processing /opt/airflow/dags/microscopy_clean_n_move.py took 0.097 seconds
[2026-02-05T11:26:03.718+0000] {processor.py:161} INFO - Started process (PID=229) to work on /opt/airflow/dags/microscopy_clean_n_move.py
[2026-02-05T11:26:03.719+0000] {processor.py:830} INFO - Processing file /opt/airflow/dags/microscopy_clean_n_move.py for tasks to queue
[2026-02-05T11:26:03.720+0000] {logging_mixin.py:188} INFO - [2026-02-05T11:26:03.719+0000] {dagbag.py:540} INFO - Filling up the DagBag from /opt/airflow/dags/microscopy_clean_n_move.py
[2026-02-05T11:26:03.767+0000] {processor.py:840} INFO - DAG(s) 'microscopy_cleanup_n_copy' retrieved from /opt/airflow/dags/microscopy_clean_n_move.py
[2026-02-05T11:26:03.778+0000] {logging_mixin.py:188} INFO - [2026-02-05T11:26:03.777+0000] {dag.py:3047} INFO - Sync 1 DAGs
[2026-02-05T11:26:03.785+0000] {logging_mixin.py:188} INFO - [2026-02-05T11:26:03.785+0000] {dag.py:3834} INFO - Setting next_dagrun for microscopy_cleanup_n_copy to 2026-02-05 11:20:00+00:00, run_after=2026-02-05 11:25:00+00:00
[2026-02-05T11:26:03.791+0000] {processor.py:183} INFO - Processing /opt/airflow/dags/microscopy_clean_n_move.py took 0.079 seconds
[2026-02-05T11:26:34.022+0000] {processor.py:161} INFO - Started process (PID=234) to work on /opt/airflow/dags/microscopy_clean_n_move.py
[2026-02-05T11:26:34.022+0000] {processor.py:830} INFO - Processing file /opt/airflow/dags/microscopy_clean_n_move.py for tasks to queue
[2026-02-05T11:26:34.023+0000] {logging_mixin.py:188} INFO - [2026-02-05T11:26:34.023+0000] {dagbag.py:540} INFO - Filling up the DagBag from /opt/airflow/dags/microscopy_clean_n_move.py
[2026-02-05T11:26:34.073+0000] {processor.py:840} INFO - DAG(s) 'microscopy_cleanup_n_copy' retrieved from /opt/airflow/dags/microscopy_clean_n_move.py
[2026-02-05T11:26:34.087+0000] {logging_mixin.py:188} INFO - [2026-02-05T11:26:34.087+0000] {dag.py:3047} INFO - Sync 1 DAGs
[2026-02-05T11:26:34.094+0000] {logging_mixin.py:188} INFO - [2026-02-05T11:26:34.094+0000] {dag.py:3834} INFO - Setting next_dagrun for microscopy_cleanup_n_copy to 2026-02-05 11:20:00+00:00, run_after=2026-02-05 11:25:00+00:00
[2026-02-05T11:26:34.100+0000] {processor.py:183} INFO - Processing /opt/airflow/dags/microscopy_clean_n_move.py took 0.082 seconds
[2026-02-05T11:27:04.346+0000] {processor.py:161} INFO - Started process (PID=239) to work on /opt/airflow/dags/microscopy_clean_n_move.py
[2026-02-05T11:27:04.347+0000] {processor.py:830} INFO - Processing file /opt/airflow/dags/microscopy_clean_n_move.py for tasks to queue
[2026-02-05T11:27:04.348+0000] {logging_mixin.py:188} INFO - [2026-02-05T11:27:04.348+0000] {dagbag.py:540} INFO - Filling up the DagBag from /opt/airflow/dags/microscopy_clean_n_move.py
[2026-02-05T11:27:04.401+0000] {processor.py:840} INFO - DAG(s) 'microscopy_cleanup_n_copy' retrieved from /opt/airflow/dags/microscopy_clean_n_move.py
[2026-02-05T11:27:04.414+0000] {logging_mixin.py:188} INFO - [2026-02-05T11:27:04.414+0000] {dag.py:3047} INFO - Sync 1 DAGs
[2026-02-05T11:27:04.421+0000] {logging_mixin.py:188} INFO - [2026-02-05T11:27:04.421+0000] {dag.py:3834} INFO - Setting next_dagrun for microscopy_cleanup_n_copy to 2026-02-05 11:20:00+00:00, run_after=2026-02-05 11:25:00+00:00
[2026-02-05T11:27:04.427+0000] {processor.py:183} INFO - Processing /opt/airflow/dags/microscopy_clean_n_move.py took 0.087 seconds
[2026-02-05T11:27:34.711+0000] {processor.py:161} INFO - Started process (PID=244) to work on /opt/airflow/dags/microscopy_clean_n_move.py
[2026-02-05T11:27:34.713+0000] {processor.py:830} INFO - Processing file /opt/airflow/dags/microscopy_clean_n_move.py for tasks to queue
[2026-02-05T11:27:34.714+0000] {logging_mixin.py:188} INFO - [2026-02-05T11:27:34.713+0000] {dagbag.py:540} INFO - Filling up the DagBag from /opt/airflow/dags/microscopy_clean_n_move.py
[2026-02-05T11:27:34.763+0000] {processor.py:840} INFO - DAG(s) 'microscopy_cleanup_n_copy' retrieved from /opt/airflow/dags/microscopy_clean_n_move.py
[2026-02-05T11:27:34.774+0000] {logging_mixin.py:188} INFO - [2026-02-05T11:27:34.774+0000] {dag.py:3047} INFO - Sync 1 DAGs
[2026-02-05T11:27:34.781+0000] {logging_mixin.py:188} INFO - [2026-02-05T11:27:34.781+0000] {dag.py:3834} INFO - Setting next_dagrun for microscopy_cleanup_n_copy to 2026-02-05 11:20:00+00:00, run_after=2026-02-05 11:25:00+00:00
[2026-02-05T11:27:34.791+0000] {processor.py:183} INFO - Processing /opt/airflow/dags/microscopy_clean_n_move.py took 0.084 seconds
[2026-02-05T11:28:05.026+0000] {processor.py:161} INFO - Started process (PID=249) to work on /opt/airflow/dags/microscopy_clean_n_move.py
[2026-02-05T11:28:05.027+0000] {processor.py:830} INFO - Processing file /opt/airflow/dags/microscopy_clean_n_move.py for tasks to queue
[2026-02-05T11:28:05.027+0000] {logging_mixin.py:188} INFO - [2026-02-05T11:28:05.027+0000] {dagbag.py:540} INFO - Filling up the DagBag from /opt/airflow/dags/microscopy_clean_n_move.py
[2026-02-05T11:28:05.077+0000] {processor.py:840} INFO - DAG(s) 'microscopy_cleanup_n_copy' retrieved from /opt/airflow/dags/microscopy_clean_n_move.py
[2026-02-05T11:28:05.090+0000] {logging_mixin.py:188} INFO - [2026-02-05T11:28:05.090+0000] {dag.py:3047} INFO - Sync 1 DAGs
[2026-02-05T11:28:05.098+0000] {logging_mixin.py:188} INFO - [2026-02-05T11:28:05.097+0000] {dag.py:3834} INFO - Setting next_dagrun for microscopy_cleanup_n_copy to 2026-02-05 11:20:00+00:00, run_after=2026-02-05 11:25:00+00:00
[2026-02-05T11:28:05.108+0000] {processor.py:183} INFO - Processing /opt/airflow/dags/microscopy_clean_n_move.py took 0.085 seconds
[2026-02-05T11:28:35.353+0000] {processor.py:161} INFO - Started process (PID=254) to work on /opt/airflow/dags/microscopy_clean_n_move.py
[2026-02-05T11:28:35.354+0000] {processor.py:830} INFO - Processing file /opt/airflow/dags/microscopy_clean_n_move.py for tasks to queue
[2026-02-05T11:28:35.355+0000] {logging_mixin.py:188} INFO - [2026-02-05T11:28:35.355+0000] {dagbag.py:540} INFO - Filling up the DagBag from /opt/airflow/dags/microscopy_clean_n_move.py
[2026-02-05T11:28:35.407+0000] {processor.py:840} INFO - DAG(s) 'microscopy_cleanup_n_copy' retrieved from /opt/airflow/dags/microscopy_clean_n_move.py
[2026-02-05T11:28:35.420+0000] {logging_mixin.py:188} INFO - [2026-02-05T11:28:35.420+0000] {dag.py:3047} INFO - Sync 1 DAGs
[2026-02-05T11:28:35.426+0000] {logging_mixin.py:188} INFO - [2026-02-05T11:28:35.426+0000] {dag.py:3834} INFO - Setting next_dagrun for microscopy_cleanup_n_copy to 2026-02-05 11:20:00+00:00, run_after=2026-02-05 11:25:00+00:00
[2026-02-05T11:28:35.436+0000] {processor.py:183} INFO - Processing /opt/airflow/dags/microscopy_clean_n_move.py took 0.088 seconds
[2026-02-05T11:29:05.712+0000] {processor.py:161} INFO - Started process (PID=259) to work on /opt/airflow/dags/microscopy_clean_n_move.py
[2026-02-05T11:29:05.714+0000] {processor.py:830} INFO - Processing file /opt/airflow/dags/microscopy_clean_n_move.py for tasks to queue
[2026-02-05T11:29:05.715+0000] {logging_mixin.py:188} INFO - [2026-02-05T11:29:05.714+0000] {dagbag.py:540} INFO - Filling up the DagBag from /opt/airflow/dags/microscopy_clean_n_move.py
[2026-02-05T11:29:05.766+0000] {processor.py:840} INFO - DAG(s) 'microscopy_cleanup_n_copy' retrieved from /opt/airflow/dags/microscopy_clean_n_move.py
[2026-02-05T11:29:05.784+0000] {logging_mixin.py:188} INFO - [2026-02-05T11:29:05.784+0000] {dag.py:3047} INFO - Sync 1 DAGs
[2026-02-05T11:29:05.791+0000] {logging_mixin.py:188} INFO - [2026-02-05T11:29:05.791+0000] {dag.py:3834} INFO - Setting next_dagrun for microscopy_cleanup_n_copy to 2026-02-05 11:20:00+00:00, run_after=2026-02-05 11:25:00+00:00
[2026-02-05T11:29:05.801+0000] {processor.py:183} INFO - Processing /opt/airflow/dags/microscopy_clean_n_move.py took 0.095 seconds
[2026-02-05T11:29:36.026+0000] {processor.py:161} INFO - Started process (PID=264) to work on /opt/airflow/dags/microscopy_clean_n_move.py
[2026-02-05T11:29:36.027+0000] {processor.py:830} INFO - Processing file /opt/airflow/dags/microscopy_clean_n_move.py for tasks to queue
[2026-02-05T11:29:36.028+0000] {logging_mixin.py:188} INFO - [2026-02-05T11:29:36.027+0000] {dagbag.py:540} INFO - Filling up the DagBag from /opt/airflow/dags/microscopy_clean_n_move.py
[2026-02-05T11:29:36.076+0000] {processor.py:840} INFO - DAG(s) 'microscopy_cleanup_n_copy' retrieved from /opt/airflow/dags/microscopy_clean_n_move.py
[2026-02-05T11:29:36.086+0000] {logging_mixin.py:188} INFO - [2026-02-05T11:29:36.086+0000] {dag.py:3047} INFO - Sync 1 DAGs
[2026-02-05T11:29:36.094+0000] {logging_mixin.py:188} INFO - [2026-02-05T11:29:36.094+0000] {dag.py:3834} INFO - Setting next_dagrun for microscopy_cleanup_n_copy to 2026-02-05 11:20:00+00:00, run_after=2026-02-05 11:25:00+00:00
[2026-02-05T11:29:36.100+0000] {processor.py:183} INFO - Processing /opt/airflow/dags/microscopy_clean_n_move.py took 0.078 seconds
[2026-02-05T11:30:06.433+0000] {processor.py:161} INFO - Started process (PID=269) to work on /opt/airflow/dags/microscopy_clean_n_move.py
[2026-02-05T11:30:06.434+0000] {processor.py:830} INFO - Processing file /opt/airflow/dags/microscopy_clean_n_move.py for tasks to queue
[2026-02-05T11:30:06.435+0000] {logging_mixin.py:188} INFO - [2026-02-05T11:30:06.434+0000] {dagbag.py:540} INFO - Filling up the DagBag from /opt/airflow/dags/microscopy_clean_n_move.py
[2026-02-05T11:30:06.485+0000] {processor.py:840} INFO - DAG(s) 'microscopy_cleanup_n_copy' retrieved from /opt/airflow/dags/microscopy_clean_n_move.py
[2026-02-05T11:30:06.495+0000] {logging_mixin.py:188} INFO - [2026-02-05T11:30:06.494+0000] {dag.py:3047} INFO - Sync 1 DAGs
[2026-02-05T11:30:06.502+0000] {logging_mixin.py:188} INFO - [2026-02-05T11:30:06.501+0000] {dag.py:3834} INFO - Setting next_dagrun for microscopy_cleanup_n_copy to 2026-02-05 11:25:00+00:00, run_after=2026-02-05 11:30:00+00:00
[2026-02-05T11:30:06.509+0000] {processor.py:183} INFO - Processing /opt/airflow/dags/microscopy_clean_n_move.py took 0.080 seconds
[2026-02-05T11:30:36.719+0000] {processor.py:161} INFO - Started process (PID=274) to work on /opt/airflow/dags/microscopy_clean_n_move.py
[2026-02-05T11:30:36.720+0000] {processor.py:830} INFO - Processing file /opt/airflow/dags/microscopy_clean_n_move.py for tasks to queue
[2026-02-05T11:30:36.721+0000] {logging_mixin.py:188} INFO - [2026-02-05T11:30:36.720+0000] {dagbag.py:540} INFO - Filling up the DagBag from /opt/airflow/dags/microscopy_clean_n_move.py
[2026-02-05T11:30:36.771+0000] {processor.py:840} INFO - DAG(s) 'microscopy_cleanup_n_copy' retrieved from /opt/airflow/dags/microscopy_clean_n_move.py
[2026-02-05T11:30:36.784+0000] {logging_mixin.py:188} INFO - [2026-02-05T11:30:36.784+0000] {dag.py:3047} INFO - Sync 1 DAGs
[2026-02-05T11:30:36.791+0000] {logging_mixin.py:188} INFO - [2026-02-05T11:30:36.791+0000] {dag.py:3834} INFO - Setting next_dagrun for microscopy_cleanup_n_copy to 2026-02-05 11:25:00+00:00, run_after=2026-02-05 11:30:00+00:00
[2026-02-05T11:30:36.802+0000] {processor.py:183} INFO - Processing /opt/airflow/dags/microscopy_clean_n_move.py took 0.089 seconds
[2026-02-05T11:31:07.022+0000] {processor.py:161} INFO - Started process (PID=279) to work on /opt/airflow/dags/microscopy_clean_n_move.py
[2026-02-05T11:31:07.023+0000] {processor.py:830} INFO - Processing file /opt/airflow/dags/microscopy_clean_n_move.py for tasks to queue
[2026-02-05T11:31:07.025+0000] {logging_mixin.py:188} INFO - [2026-02-05T11:31:07.024+0000] {dagbag.py:540} INFO - Filling up the DagBag from /opt/airflow/dags/microscopy_clean_n_move.py
[2026-02-05T11:31:07.072+0000] {processor.py:840} INFO - DAG(s) 'microscopy_cleanup_n_copy' retrieved from /opt/airflow/dags/microscopy_clean_n_move.py
[2026-02-05T11:31:07.084+0000] {logging_mixin.py:188} INFO - [2026-02-05T11:31:07.084+0000] {dag.py:3047} INFO - Sync 1 DAGs
[2026-02-05T11:31:07.092+0000] {logging_mixin.py:188} INFO - [2026-02-05T11:31:07.092+0000] {dag.py:3834} INFO - Setting next_dagrun for microscopy_cleanup_n_copy to 2026-02-05 11:25:00+00:00, run_after=2026-02-05 11:30:00+00:00
[2026-02-05T11:31:07.103+0000] {processor.py:183} INFO - Processing /opt/airflow/dags/microscopy_clean_n_move.py took 0.084 seconds
[2026-02-05T11:31:37.392+0000] {processor.py:161} INFO - Started process (PID=284) to work on /opt/airflow/dags/microscopy_clean_n_move.py
[2026-02-05T11:31:37.393+0000] {processor.py:830} INFO - Processing file /opt/airflow/dags/microscopy_clean_n_move.py for tasks to queue
[2026-02-05T11:31:37.394+0000] {logging_mixin.py:188} INFO - [2026-02-05T11:31:37.393+0000] {dagbag.py:540} INFO - Filling up the DagBag from /opt/airflow/dags/microscopy_clean_n_move.py
[2026-02-05T11:31:37.446+0000] {processor.py:840} INFO - DAG(s) 'microscopy_cleanup_n_copy' retrieved from /opt/airflow/dags/microscopy_clean_n_move.py
[2026-02-05T11:31:37.460+0000] {logging_mixin.py:188} INFO - [2026-02-05T11:31:37.460+0000] {dag.py:3047} INFO - Sync 1 DAGs
[2026-02-05T11:31:37.467+0000] {logging_mixin.py:188} INFO - [2026-02-05T11:31:37.467+0000] {dag.py:3834} INFO - Setting next_dagrun for microscopy_cleanup_n_copy to 2026-02-05 11:25:00+00:00, run_after=2026-02-05 11:30:00+00:00
[2026-02-05T11:31:37.472+0000] {processor.py:183} INFO - Processing /opt/airflow/dags/microscopy_clean_n_move.py took 0.085 seconds
[2026-02-05T11:32:07.685+0000] {processor.py:161} INFO - Started process (PID=289) to work on /opt/airflow/dags/microscopy_clean_n_move.py
[2026-02-05T11:32:07.686+0000] {processor.py:830} INFO - Processing file /opt/airflow/dags/microscopy_clean_n_move.py for tasks to queue
[2026-02-05T11:32:07.688+0000] {logging_mixin.py:188} INFO - [2026-02-05T11:32:07.687+0000] {dagbag.py:540} INFO - Filling up the DagBag from /opt/airflow/dags/microscopy_clean_n_move.py
[2026-02-05T11:32:07.736+0000] {processor.py:840} INFO - DAG(s) 'microscopy_cleanup_n_copy' retrieved from /opt/airflow/dags/microscopy_clean_n_move.py
[2026-02-05T11:32:07.747+0000] {logging_mixin.py:188} INFO - [2026-02-05T11:32:07.747+0000] {dag.py:3047} INFO - Sync 1 DAGs
[2026-02-05T11:32:07.754+0000] {logging_mixin.py:188} INFO - [2026-02-05T11:32:07.754+0000] {dag.py:3834} INFO - Setting next_dagrun for microscopy_cleanup_n_copy to 2026-02-05 11:25:00+00:00, run_after=2026-02-05 11:30:00+00:00
[2026-02-05T11:32:07.761+0000] {processor.py:183} INFO - Processing /opt/airflow/dags/microscopy_clean_n_move.py took 0.081 seconds
[2026-02-05T11:32:38.042+0000] {processor.py:161} INFO - Started process (PID=294) to work on /opt/airflow/dags/microscopy_clean_n_move.py
[2026-02-05T11:32:38.043+0000] {processor.py:830} INFO - Processing file /opt/airflow/dags/microscopy_clean_n_move.py for tasks to queue
[2026-02-05T11:32:38.044+0000] {logging_mixin.py:188} INFO - [2026-02-05T11:32:38.044+0000] {dagbag.py:540} INFO - Filling up the DagBag from /opt/airflow/dags/microscopy_clean_n_move.py
[2026-02-05T11:32:38.092+0000] {processor.py:840} INFO - DAG(s) 'microscopy_cleanup_n_copy' retrieved from /opt/airflow/dags/microscopy_clean_n_move.py
[2026-02-05T11:32:38.102+0000] {logging_mixin.py:188} INFO - [2026-02-05T11:32:38.102+0000] {dag.py:3047} INFO - Sync 1 DAGs
[2026-02-05T11:32:38.109+0000] {logging_mixin.py:188} INFO - [2026-02-05T11:32:38.109+0000] {dag.py:3834} INFO - Setting next_dagrun for microscopy_cleanup_n_copy to 2026-02-05 11:25:00+00:00, run_after=2026-02-05 11:30:00+00:00
[2026-02-05T11:32:38.117+0000] {processor.py:183} INFO - Processing /opt/airflow/dags/microscopy_clean_n_move.py took 0.079 seconds
[2026-02-05T11:33:08.325+0000] {processor.py:161} INFO - Started process (PID=299) to work on /opt/airflow/dags/microscopy_clean_n_move.py
[2026-02-05T11:33:08.326+0000] {processor.py:830} INFO - Processing file /opt/airflow/dags/microscopy_clean_n_move.py for tasks to queue
[2026-02-05T11:33:08.328+0000] {logging_mixin.py:188} INFO - [2026-02-05T11:33:08.327+0000] {dagbag.py:540} INFO - Filling up the DagBag from /opt/airflow/dags/microscopy_clean_n_move.py
[2026-02-05T11:33:08.382+0000] {processor.py:840} INFO - DAG(s) 'microscopy_cleanup_n_copy' retrieved from /opt/airflow/dags/microscopy_clean_n_move.py
[2026-02-05T11:33:08.396+0000] {logging_mixin.py:188} INFO - [2026-02-05T11:33:08.396+0000] {dag.py:3047} INFO - Sync 1 DAGs
[2026-02-05T11:33:08.403+0000] {logging_mixin.py:188} INFO - [2026-02-05T11:33:08.402+0000] {dag.py:3834} INFO - Setting next_dagrun for microscopy_cleanup_n_copy to 2026-02-05 11:25:00+00:00, run_after=2026-02-05 11:30:00+00:00
[2026-02-05T11:33:08.409+0000] {processor.py:183} INFO - Processing /opt/airflow/dags/microscopy_clean_n_move.py took 0.087 seconds
[2026-02-05T11:33:38.643+0000] {processor.py:161} INFO - Started process (PID=304) to work on /opt/airflow/dags/microscopy_clean_n_move.py
[2026-02-05T11:33:38.643+0000] {processor.py:830} INFO - Processing file /opt/airflow/dags/microscopy_clean_n_move.py for tasks to queue
[2026-02-05T11:33:38.644+0000] {logging_mixin.py:188} INFO - [2026-02-05T11:33:38.644+0000] {dagbag.py:540} INFO - Filling up the DagBag from /opt/airflow/dags/microscopy_clean_n_move.py
[2026-02-05T11:33:38.703+0000] {processor.py:840} INFO - DAG(s) 'microscopy_cleanup_n_copy' retrieved from /opt/airflow/dags/microscopy_clean_n_move.py
[2026-02-05T11:33:38.716+0000] {logging_mixin.py:188} INFO - [2026-02-05T11:33:38.716+0000] {dag.py:3047} INFO - Sync 1 DAGs
[2026-02-05T11:33:38.723+0000] {logging_mixin.py:188} INFO - [2026-02-05T11:33:38.723+0000] {dag.py:3834} INFO - Setting next_dagrun for microscopy_cleanup_n_copy to 2026-02-05 11:25:00+00:00, run_after=2026-02-05 11:30:00+00:00
[2026-02-05T11:33:38.733+0000] {processor.py:183} INFO - Processing /opt/airflow/dags/microscopy_clean_n_move.py took 0.095 seconds
[2026-02-05T11:34:08.954+0000] {processor.py:161} INFO - Started process (PID=309) to work on /opt/airflow/dags/microscopy_clean_n_move.py
[2026-02-05T11:34:08.955+0000] {processor.py:830} INFO - Processing file /opt/airflow/dags/microscopy_clean_n_move.py for tasks to queue
[2026-02-05T11:34:08.956+0000] {logging_mixin.py:188} INFO - [2026-02-05T11:34:08.955+0000] {dagbag.py:540} INFO - Filling up the DagBag from /opt/airflow/dags/microscopy_clean_n_move.py
[2026-02-05T11:34:09.009+0000] {processor.py:840} INFO - DAG(s) 'microscopy_cleanup_n_copy' retrieved from /opt/airflow/dags/microscopy_clean_n_move.py
[2026-02-05T11:34:09.019+0000] {logging_mixin.py:188} INFO - [2026-02-05T11:34:09.019+0000] {dag.py:3047} INFO - Sync 1 DAGs
[2026-02-05T11:34:09.027+0000] {logging_mixin.py:188} INFO - [2026-02-05T11:34:09.027+0000] {dag.py:3834} INFO - Setting next_dagrun for microscopy_cleanup_n_copy to 2026-02-05 11:25:00+00:00, run_after=2026-02-05 11:30:00+00:00
[2026-02-05T11:34:09.037+0000] {processor.py:183} INFO - Processing /opt/airflow/dags/microscopy_clean_n_move.py took 0.086 seconds
[2026-02-05T11:34:39.317+0000] {processor.py:161} INFO - Started process (PID=314) to work on /opt/airflow/dags/microscopy_clean_n_move.py
[2026-02-05T11:34:39.318+0000] {processor.py:830} INFO - Processing file /opt/airflow/dags/microscopy_clean_n_move.py for tasks to queue
[2026-02-05T11:34:39.318+0000] {logging_mixin.py:188} INFO - [2026-02-05T11:34:39.318+0000] {dagbag.py:540} INFO - Filling up the DagBag from /opt/airflow/dags/microscopy_clean_n_move.py
[2026-02-05T11:34:39.374+0000] {processor.py:840} INFO - DAG(s) 'microscopy_cleanup_n_copy' retrieved from /opt/airflow/dags/microscopy_clean_n_move.py
[2026-02-05T11:34:39.388+0000] {logging_mixin.py:188} INFO - [2026-02-05T11:34:39.388+0000] {dag.py:3047} INFO - Sync 1 DAGs
[2026-02-05T11:34:39.394+0000] {logging_mixin.py:188} INFO - [2026-02-05T11:34:39.394+0000] {dag.py:3834} INFO - Setting next_dagrun for microscopy_cleanup_n_copy to 2026-02-05 11:25:00+00:00, run_after=2026-02-05 11:30:00+00:00
[2026-02-05T11:34:39.405+0000] {processor.py:183} INFO - Processing /opt/airflow/dags/microscopy_clean_n_move.py took 0.090 seconds
[2026-02-05T11:35:09.625+0000] {processor.py:161} INFO - Started process (PID=319) to work on /opt/airflow/dags/microscopy_clean_n_move.py
[2026-02-05T11:35:09.626+0000] {processor.py:830} INFO - Processing file /opt/airflow/dags/microscopy_clean_n_move.py for tasks to queue
[2026-02-05T11:35:09.627+0000] {logging_mixin.py:188} INFO - [2026-02-05T11:35:09.627+0000] {dagbag.py:540} INFO - Filling up the DagBag from /opt/airflow/dags/microscopy_clean_n_move.py
[2026-02-05T11:35:09.678+0000] {processor.py:840} INFO - DAG(s) 'microscopy_cleanup_n_copy' retrieved from /opt/airflow/dags/microscopy_clean_n_move.py
[2026-02-05T11:35:09.693+0000] {logging_mixin.py:188} INFO - [2026-02-05T11:35:09.692+0000] {dag.py:3047} INFO - Sync 1 DAGs
[2026-02-05T11:35:09.700+0000] {logging_mixin.py:188} INFO - [2026-02-05T11:35:09.700+0000] {dag.py:3834} INFO - Setting next_dagrun for microscopy_cleanup_n_copy to 2026-02-05 11:30:00+00:00, run_after=2026-02-05 11:35:00+00:00
[2026-02-05T11:35:09.711+0000] {processor.py:183} INFO - Processing /opt/airflow/dags/microscopy_clean_n_move.py took 0.092 seconds
[2026-02-05T11:35:39.936+0000] {processor.py:161} INFO - Started process (PID=324) to work on /opt/airflow/dags/microscopy_clean_n_move.py
[2026-02-05T11:35:39.937+0000] {processor.py:830} INFO - Processing file /opt/airflow/dags/microscopy_clean_n_move.py for tasks to queue
[2026-02-05T11:35:39.938+0000] {logging_mixin.py:188} INFO - [2026-02-05T11:35:39.938+0000] {dagbag.py:540} INFO - Filling up the DagBag from /opt/airflow/dags/microscopy_clean_n_move.py
[2026-02-05T11:35:39.986+0000] {processor.py:840} INFO - DAG(s) 'microscopy_cleanup_n_copy' retrieved from /opt/airflow/dags/microscopy_clean_n_move.py
[2026-02-05T11:35:39.996+0000] {logging_mixin.py:188} INFO - [2026-02-05T11:35:39.995+0000] {dag.py:3047} INFO - Sync 1 DAGs
[2026-02-05T11:35:40.003+0000] {logging_mixin.py:188} INFO - [2026-02-05T11:35:40.003+0000] {dag.py:3834} INFO - Setting next_dagrun for microscopy_cleanup_n_copy to 2026-02-05 11:30:00+00:00, run_after=2026-02-05 11:35:00+00:00
[2026-02-05T11:35:40.013+0000] {processor.py:183} INFO - Processing /opt/airflow/dags/microscopy_clean_n_move.py took 0.081 seconds
[2026-02-05T11:36:10.249+0000] {processor.py:161} INFO - Started process (PID=329) to work on /opt/airflow/dags/microscopy_clean_n_move.py
[2026-02-05T11:36:10.250+0000] {processor.py:830} INFO - Processing file /opt/airflow/dags/microscopy_clean_n_move.py for tasks to queue
[2026-02-05T11:36:10.252+0000] {logging_mixin.py:188} INFO - [2026-02-05T11:36:10.251+0000] {dagbag.py:540} INFO - Filling up the DagBag from /opt/airflow/dags/microscopy_clean_n_move.py
[2026-02-05T11:36:10.309+0000] {processor.py:840} INFO - DAG(s) 'microscopy_cleanup_n_copy' retrieved from /opt/airflow/dags/microscopy_clean_n_move.py
[2026-02-05T11:36:10.321+0000] {logging_mixin.py:188} INFO - [2026-02-05T11:36:10.320+0000] {dag.py:3047} INFO - Sync 1 DAGs
[2026-02-05T11:36:10.328+0000] {logging_mixin.py:188} INFO - [2026-02-05T11:36:10.328+0000] {dag.py:3834} INFO - Setting next_dagrun for microscopy_cleanup_n_copy to 2026-02-05 11:30:00+00:00, run_after=2026-02-05 11:35:00+00:00
[2026-02-05T11:36:10.339+0000] {processor.py:183} INFO - Processing /opt/airflow/dags/microscopy_clean_n_move.py took 0.095 seconds
[2026-02-05T11:36:40.562+0000] {processor.py:161} INFO - Started process (PID=334) to work on /opt/airflow/dags/microscopy_clean_n_move.py
[2026-02-05T11:36:40.563+0000] {processor.py:830} INFO - Processing file /opt/airflow/dags/microscopy_clean_n_move.py for tasks to queue
[2026-02-05T11:36:40.564+0000] {logging_mixin.py:188} INFO - [2026-02-05T11:36:40.563+0000] {dagbag.py:540} INFO - Filling up the DagBag from /opt/airflow/dags/microscopy_clean_n_move.py
[2026-02-05T11:36:40.615+0000] {processor.py:840} INFO - DAG(s) 'microscopy_cleanup_n_copy' retrieved from /opt/airflow/dags/microscopy_clean_n_move.py
[2026-02-05T11:36:40.630+0000] {logging_mixin.py:188} INFO - [2026-02-05T11:36:40.630+0000] {dag.py:3047} INFO - Sync 1 DAGs
[2026-02-05T11:36:40.637+0000] {logging_mixin.py:188} INFO - [2026-02-05T11:36:40.637+0000] {dag.py:3834} INFO - Setting next_dagrun for microscopy_cleanup_n_copy to 2026-02-05 11:30:00+00:00, run_after=2026-02-05 11:35:00+00:00
[2026-02-05T11:36:40.647+0000] {processor.py:183} INFO - Processing /opt/airflow/dags/microscopy_clean_n_move.py took 0.092 seconds
[2026-02-05T11:37:10.893+0000] {processor.py:161} INFO - Started process (PID=339) to work on /opt/airflow/dags/microscopy_clean_n_move.py
[2026-02-05T11:37:10.894+0000] {processor.py:830} INFO - Processing file /opt/airflow/dags/microscopy_clean_n_move.py for tasks to queue
[2026-02-05T11:37:10.895+0000] {logging_mixin.py:188} INFO - [2026-02-05T11:37:10.895+0000] {dagbag.py:540} INFO - Filling up the DagBag from /opt/airflow/dags/microscopy_clean_n_move.py
[2026-02-05T11:37:10.943+0000] {processor.py:840} INFO - DAG(s) 'microscopy_cleanup_n_copy' retrieved from /opt/airflow/dags/microscopy_clean_n_move.py
[2026-02-05T11:37:10.954+0000] {logging_mixin.py:188} INFO - [2026-02-05T11:37:10.954+0000] {dag.py:3047} INFO - Sync 1 DAGs
[2026-02-05T11:37:10.962+0000] {logging_mixin.py:188} INFO - [2026-02-05T11:37:10.961+0000] {dag.py:3834} INFO - Setting next_dagrun for microscopy_cleanup_n_copy to 2026-02-05 11:30:00+00:00, run_after=2026-02-05 11:35:00+00:00
[2026-02-05T11:37:10.971+0000] {processor.py:183} INFO - Processing /opt/airflow/dags/microscopy_clean_n_move.py took 0.082 seconds
[2026-02-05T11:37:41.224+0000] {processor.py:161} INFO - Started process (PID=346) to work on /opt/airflow/dags/microscopy_clean_n_move.py
[2026-02-05T11:37:41.225+0000] {processor.py:830} INFO - Processing file /opt/airflow/dags/microscopy_clean_n_move.py for tasks to queue
[2026-02-05T11:37:41.226+0000] {logging_mixin.py:188} INFO - [2026-02-05T11:37:41.226+0000] {dagbag.py:540} INFO - Filling up the DagBag from /opt/airflow/dags/microscopy_clean_n_move.py
[2026-02-05T11:37:41.274+0000] {processor.py:840} INFO - DAG(s) 'microscopy_cleanup_n_copy' retrieved from /opt/airflow/dags/microscopy_clean_n_move.py
[2026-02-05T11:37:41.284+0000] {logging_mixin.py:188} INFO - [2026-02-05T11:37:41.284+0000] {dag.py:3047} INFO - Sync 1 DAGs
[2026-02-05T11:37:41.291+0000] {logging_mixin.py:188} INFO - [2026-02-05T11:37:41.291+0000] {dag.py:3834} INFO - Setting next_dagrun for microscopy_cleanup_n_copy to 2026-02-05 11:35:00+00:00, run_after=2026-02-05 11:40:00+00:00
[2026-02-05T11:37:41.302+0000] {processor.py:183} INFO - Processing /opt/airflow/dags/microscopy_clean_n_move.py took 0.082 seconds
[2026-02-05T11:38:11.509+0000] {processor.py:161} INFO - Started process (PID=351) to work on /opt/airflow/dags/microscopy_clean_n_move.py
[2026-02-05T11:38:11.510+0000] {processor.py:830} INFO - Processing file /opt/airflow/dags/microscopy_clean_n_move.py for tasks to queue
[2026-02-05T11:38:11.511+0000] {logging_mixin.py:188} INFO - [2026-02-05T11:38:11.511+0000] {dagbag.py:540} INFO - Filling up the DagBag from /opt/airflow/dags/microscopy_clean_n_move.py
[2026-02-05T11:38:11.559+0000] {processor.py:840} INFO - DAG(s) 'microscopy_cleanup_n_copy' retrieved from /opt/airflow/dags/microscopy_clean_n_move.py
[2026-02-05T11:38:11.570+0000] {logging_mixin.py:188} INFO - [2026-02-05T11:38:11.570+0000] {dag.py:3047} INFO - Sync 1 DAGs
[2026-02-05T11:38:11.577+0000] {logging_mixin.py:188} INFO - [2026-02-05T11:38:11.577+0000] {dag.py:3834} INFO - Setting next_dagrun for microscopy_cleanup_n_copy to 2026-02-05 11:35:00+00:00, run_after=2026-02-05 11:40:00+00:00
[2026-02-05T11:38:11.588+0000] {processor.py:183} INFO - Processing /opt/airflow/dags/microscopy_clean_n_move.py took 0.083 seconds
[2026-02-05T11:38:41.828+0000] {processor.py:161} INFO - Started process (PID=356) to work on /opt/airflow/dags/microscopy_clean_n_move.py
[2026-02-05T11:38:41.829+0000] {processor.py:830} INFO - Processing file /opt/airflow/dags/microscopy_clean_n_move.py for tasks to queue
[2026-02-05T11:38:41.831+0000] {logging_mixin.py:188} INFO - [2026-02-05T11:38:41.830+0000] {dagbag.py:540} INFO - Filling up the DagBag from /opt/airflow/dags/microscopy_clean_n_move.py
[2026-02-05T11:38:41.882+0000] {processor.py:840} INFO - DAG(s) 'microscopy_cleanup_n_copy' retrieved from /opt/airflow/dags/microscopy_clean_n_move.py
[2026-02-05T11:38:41.893+0000] {logging_mixin.py:188} INFO - [2026-02-05T11:38:41.893+0000] {dag.py:3047} INFO - Sync 1 DAGs
[2026-02-05T11:38:41.901+0000] {logging_mixin.py:188} INFO - [2026-02-05T11:38:41.901+0000] {dag.py:3834} INFO - Setting next_dagrun for microscopy_cleanup_n_copy to 2026-02-05 11:35:00+00:00, run_after=2026-02-05 11:40:00+00:00
[2026-02-05T11:38:41.910+0000] {processor.py:183} INFO - Processing /opt/airflow/dags/microscopy_clean_n_move.py took 0.087 seconds
[2026-02-05T11:39:12.109+0000] {processor.py:161} INFO - Started process (PID=361) to work on /opt/airflow/dags/microscopy_clean_n_move.py
[2026-02-05T11:39:12.110+0000] {processor.py:830} INFO - Processing file /opt/airflow/dags/microscopy_clean_n_move.py for tasks to queue
[2026-02-05T11:39:12.111+0000] {logging_mixin.py:188} INFO - [2026-02-05T11:39:12.110+0000] {dagbag.py:540} INFO - Filling up the DagBag from /opt/airflow/dags/microscopy_clean_n_move.py
[2026-02-05T11:39:12.160+0000] {processor.py:840} INFO - DAG(s) 'microscopy_cleanup_n_copy' retrieved from /opt/airflow/dags/microscopy_clean_n_move.py
[2026-02-05T11:39:12.172+0000] {logging_mixin.py:188} INFO - [2026-02-05T11:39:12.171+0000] {dag.py:3047} INFO - Sync 1 DAGs
[2026-02-05T11:39:12.180+0000] {logging_mixin.py:188} INFO - [2026-02-05T11:39:12.180+0000] {dag.py:3834} INFO - Setting next_dagrun for microscopy_cleanup_n_copy to 2026-02-05 11:35:00+00:00, run_after=2026-02-05 11:40:00+00:00
[2026-02-05T11:39:12.188+0000] {processor.py:183} INFO - Processing /opt/airflow/dags/microscopy_clean_n_move.py took 0.084 seconds
[2026-02-05T11:39:42.409+0000] {processor.py:161} INFO - Started process (PID=368) to work on /opt/airflow/dags/microscopy_clean_n_move.py
[2026-02-05T11:39:42.409+0000] {processor.py:830} INFO - Processing file /opt/airflow/dags/microscopy_clean_n_move.py for tasks to queue
[2026-02-05T11:39:42.410+0000] {logging_mixin.py:188} INFO - [2026-02-05T11:39:42.410+0000] {dagbag.py:540} INFO - Filling up the DagBag from /opt/airflow/dags/microscopy_clean_n_move.py
[2026-02-05T11:39:42.467+0000] {processor.py:840} INFO - DAG(s) 'microscopy_cleanup_n_copy' retrieved from /opt/airflow/dags/microscopy_clean_n_move.py
[2026-02-05T11:39:42.479+0000] {logging_mixin.py:188} INFO - [2026-02-05T11:39:42.479+0000] {dag.py:3047} INFO - Sync 1 DAGs
[2026-02-05T11:39:42.487+0000] {logging_mixin.py:188} INFO - [2026-02-05T11:39:42.487+0000] {dag.py:3834} INFO - Setting next_dagrun for microscopy_cleanup_n_copy to 2026-02-05 11:35:00+00:00, run_after=2026-02-05 11:40:00+00:00
[2026-02-05T11:39:42.497+0000] {processor.py:183} INFO - Processing /opt/airflow/dags/microscopy_clean_n_move.py took 0.092 seconds
[2026-02-05T11:40:12.737+0000] {processor.py:161} INFO - Started process (PID=375) to work on /opt/airflow/dags/microscopy_clean_n_move.py
[2026-02-05T11:40:12.738+0000] {processor.py:830} INFO - Processing file /opt/airflow/dags/microscopy_clean_n_move.py for tasks to queue
[2026-02-05T11:40:12.739+0000] {logging_mixin.py:188} INFO - [2026-02-05T11:40:12.738+0000] {dagbag.py:540} INFO - Filling up the DagBag from /opt/airflow/dags/microscopy_clean_n_move.py
[2026-02-05T11:40:12.787+0000] {processor.py:840} INFO - DAG(s) 'microscopy_cleanup_n_copy' retrieved from /opt/airflow/dags/microscopy_clean_n_move.py
[2026-02-05T11:40:12.797+0000] {logging_mixin.py:188} INFO - [2026-02-05T11:40:12.797+0000] {dag.py:3047} INFO - Sync 1 DAGs
[2026-02-05T11:40:12.805+0000] {logging_mixin.py:188} INFO - [2026-02-05T11:40:12.804+0000] {dag.py:3834} INFO - Setting next_dagrun for microscopy_cleanup_n_copy to 2026-02-05 11:40:00+00:00, run_after=2026-02-05 11:45:00+00:00
[2026-02-05T11:40:12.811+0000] {processor.py:183} INFO - Processing /opt/airflow/dags/microscopy_clean_n_move.py took 0.079 seconds
[2026-02-05T11:40:43.049+0000] {processor.py:161} INFO - Started process (PID=380) to work on /opt/airflow/dags/microscopy_clean_n_move.py
[2026-02-05T11:40:43.050+0000] {processor.py:830} INFO - Processing file /opt/airflow/dags/microscopy_clean_n_move.py for tasks to queue
[2026-02-05T11:40:43.052+0000] {logging_mixin.py:188} INFO - [2026-02-05T11:40:43.051+0000] {dagbag.py:540} INFO - Filling up the DagBag from /opt/airflow/dags/microscopy_clean_n_move.py
[2026-02-05T11:40:43.109+0000] {processor.py:840} INFO - DAG(s) 'microscopy_cleanup_n_copy' retrieved from /opt/airflow/dags/microscopy_clean_n_move.py
[2026-02-05T11:40:43.118+0000] {logging_mixin.py:188} INFO - [2026-02-05T11:40:43.118+0000] {dag.py:3047} INFO - Sync 1 DAGs
[2026-02-05T11:40:43.125+0000] {logging_mixin.py:188} INFO - [2026-02-05T11:40:43.125+0000] {dag.py:3834} INFO - Setting next_dagrun for microscopy_cleanup_n_copy to 2026-02-05 11:40:00+00:00, run_after=2026-02-05 11:45:00+00:00
[2026-02-05T11:40:43.131+0000] {processor.py:183} INFO - Processing /opt/airflow/dags/microscopy_clean_n_move.py took 0.087 seconds
[2026-02-05T11:41:13.342+0000] {processor.py:161} INFO - Started process (PID=385) to work on /opt/airflow/dags/microscopy_clean_n_move.py
[2026-02-05T11:41:13.344+0000] {processor.py:830} INFO - Processing file /opt/airflow/dags/microscopy_clean_n_move.py for tasks to queue
[2026-02-05T11:41:13.344+0000] {logging_mixin.py:188} INFO - [2026-02-05T11:41:13.344+0000] {dagbag.py:540} INFO - Filling up the DagBag from /opt/airflow/dags/microscopy_clean_n_move.py
[2026-02-05T11:41:13.391+0000] {processor.py:840} INFO - DAG(s) 'microscopy_cleanup_n_copy' retrieved from /opt/airflow/dags/microscopy_clean_n_move.py
[2026-02-05T11:41:13.404+0000] {logging_mixin.py:188} INFO - [2026-02-05T11:41:13.404+0000] {dag.py:3047} INFO - Sync 1 DAGs
[2026-02-05T11:41:13.412+0000] {logging_mixin.py:188} INFO - [2026-02-05T11:41:13.411+0000] {dag.py:3834} INFO - Setting next_dagrun for microscopy_cleanup_n_copy to 2026-02-05 11:40:00+00:00, run_after=2026-02-05 11:45:00+00:00
[2026-02-05T11:41:13.418+0000] {processor.py:183} INFO - Processing /opt/airflow/dags/microscopy_clean_n_move.py took 0.080 seconds
[2026-02-05T11:41:43.672+0000] {processor.py:161} INFO - Started process (PID=390) to work on /opt/airflow/dags/microscopy_clean_n_move.py
[2026-02-05T11:41:43.672+0000] {processor.py:830} INFO - Processing file /opt/airflow/dags/microscopy_clean_n_move.py for tasks to queue
[2026-02-05T11:41:43.673+0000] {logging_mixin.py:188} INFO - [2026-02-05T11:41:43.673+0000] {dagbag.py:540} INFO - Filling up the DagBag from /opt/airflow/dags/microscopy_clean_n_move.py
[2026-02-05T11:41:43.722+0000] {processor.py:840} INFO - DAG(s) 'microscopy_cleanup_n_copy' retrieved from /opt/airflow/dags/microscopy_clean_n_move.py
[2026-02-05T11:41:43.737+0000] {logging_mixin.py:188} INFO - [2026-02-05T11:41:43.736+0000] {dag.py:3047} INFO - Sync 1 DAGs
[2026-02-05T11:41:43.744+0000] {logging_mixin.py:188} INFO - [2026-02-05T11:41:43.744+0000] {dag.py:3834} INFO - Setting next_dagrun for microscopy_cleanup_n_copy to 2026-02-05 11:40:00+00:00, run_after=2026-02-05 11:45:00+00:00
[2026-02-05T11:41:43.751+0000] {processor.py:183} INFO - Processing /opt/airflow/dags/microscopy_clean_n_move.py took 0.081 seconds
[2026-02-05T11:42:13.949+0000] {processor.py:161} INFO - Started process (PID=395) to work on /opt/airflow/dags/microscopy_clean_n_move.py
[2026-02-05T11:42:13.950+0000] {processor.py:830} INFO - Processing file /opt/airflow/dags/microscopy_clean_n_move.py for tasks to queue
[2026-02-05T11:42:13.951+0000] {logging_mixin.py:188} INFO - [2026-02-05T11:42:13.951+0000] {dagbag.py:540} INFO - Filling up the DagBag from /opt/airflow/dags/microscopy_clean_n_move.py
[2026-02-05T11:42:14.005+0000] {processor.py:840} INFO - DAG(s) 'microscopy_cleanup_n_copy' retrieved from /opt/airflow/dags/microscopy_clean_n_move.py
[2026-02-05T11:42:14.017+0000] {logging_mixin.py:188} INFO - [2026-02-05T11:42:14.016+0000] {dag.py:3047} INFO - Sync 1 DAGs
[2026-02-05T11:42:14.025+0000] {logging_mixin.py:188} INFO - [2026-02-05T11:42:14.025+0000] {dag.py:3834} INFO - Setting next_dagrun for microscopy_cleanup_n_copy to 2026-02-05 11:40:00+00:00, run_after=2026-02-05 11:45:00+00:00
[2026-02-05T11:42:14.031+0000] {processor.py:183} INFO - Processing /opt/airflow/dags/microscopy_clean_n_move.py took 0.088 seconds
[2026-02-05T11:42:44.277+0000] {processor.py:161} INFO - Started process (PID=400) to work on /opt/airflow/dags/microscopy_clean_n_move.py
[2026-02-05T11:42:44.280+0000] {processor.py:830} INFO - Processing file /opt/airflow/dags/microscopy_clean_n_move.py for tasks to queue
[2026-02-05T11:42:44.281+0000] {logging_mixin.py:188} INFO - [2026-02-05T11:42:44.280+0000] {dagbag.py:540} INFO - Filling up the DagBag from /opt/airflow/dags/microscopy_clean_n_move.py
[2026-02-05T11:42:44.344+0000] {processor.py:840} INFO - DAG(s) 'microscopy_cleanup_n_copy' retrieved from /opt/airflow/dags/microscopy_clean_n_move.py
[2026-02-05T11:42:44.354+0000] {logging_mixin.py:188} INFO - [2026-02-05T11:42:44.354+0000] {dag.py:3047} INFO - Sync 1 DAGs
[2026-02-05T11:42:44.361+0000] {logging_mixin.py:188} INFO - [2026-02-05T11:42:44.361+0000] {dag.py:3834} INFO - Setting next_dagrun for microscopy_cleanup_n_copy to 2026-02-05 11:40:00+00:00, run_after=2026-02-05 11:45:00+00:00
[2026-02-05T11:42:44.367+0000] {processor.py:183} INFO - Processing /opt/airflow/dags/microscopy_clean_n_move.py took 0.094 seconds
[2026-02-05T11:43:04.484+0000] {processor.py:161} INFO - Started process (PID=405) to work on /opt/airflow/dags/microscopy_clean_n_move.py
[2026-02-05T11:43:04.485+0000] {processor.py:830} INFO - Processing file /opt/airflow/dags/microscopy_clean_n_move.py for tasks to queue
[2026-02-05T11:43:04.486+0000] {logging_mixin.py:188} INFO - [2026-02-05T11:43:04.485+0000] {dagbag.py:540} INFO - Filling up the DagBag from /opt/airflow/dags/microscopy_clean_n_move.py
[2026-02-05T11:43:04.542+0000] {processor.py:840} INFO - DAG(s) 'microscopy_cleanup_n_copy' retrieved from /opt/airflow/dags/microscopy_clean_n_move.py
[2026-02-05T11:43:04.554+0000] {logging_mixin.py:188} INFO - [2026-02-05T11:43:04.554+0000] {dag.py:3047} INFO - Sync 1 DAGs
[2026-02-05T11:43:04.564+0000] {logging_mixin.py:188} INFO - [2026-02-05T11:43:04.563+0000] {dag.py:3834} INFO - Setting next_dagrun for microscopy_cleanup_n_copy to 2026-02-05 11:40:00+00:00, run_after=2026-02-05 11:45:00+00:00
[2026-02-05T11:43:04.575+0000] {processor.py:183} INFO - Processing /opt/airflow/dags/microscopy_clean_n_move.py took 0.095 seconds
[2026-02-05T11:43:34.854+0000] {processor.py:161} INFO - Started process (PID=412) to work on /opt/airflow/dags/microscopy_clean_n_move.py
[2026-02-05T11:43:34.854+0000] {processor.py:830} INFO - Processing file /opt/airflow/dags/microscopy_clean_n_move.py for tasks to queue
[2026-02-05T11:43:34.855+0000] {logging_mixin.py:188} INFO - [2026-02-05T11:43:34.855+0000] {dagbag.py:540} INFO - Filling up the DagBag from /opt/airflow/dags/microscopy_clean_n_move.py
[2026-02-05T11:43:34.882+0000] {processor.py:840} INFO - DAG(s) 'microscopy_cleanup_n_copy' retrieved from /opt/airflow/dags/microscopy_clean_n_move.py
[2026-02-05T11:43:34.891+0000] {logging_mixin.py:188} INFO - [2026-02-05T11:43:34.891+0000] {dag.py:3047} INFO - Sync 1 DAGs
[2026-02-05T11:43:34.899+0000] {logging_mixin.py:188} INFO - [2026-02-05T11:43:34.899+0000] {dag.py:3834} INFO - Setting next_dagrun for microscopy_cleanup_n_copy to 2026-02-05 11:40:00+00:00, run_after=2026-02-05 11:45:00+00:00
[2026-02-05T11:43:34.905+0000] {processor.py:183} INFO - Processing /opt/airflow/dags/microscopy_clean_n_move.py took 0.053 seconds
[2026-02-05T11:44:05.166+0000] {processor.py:161} INFO - Started process (PID=417) to work on /opt/airflow/dags/microscopy_clean_n_move.py
[2026-02-05T11:44:05.168+0000] {processor.py:830} INFO - Processing file /opt/airflow/dags/microscopy_clean_n_move.py for tasks to queue
[2026-02-05T11:44:05.170+0000] {logging_mixin.py:188} INFO - [2026-02-05T11:44:05.169+0000] {dagbag.py:540} INFO - Filling up the DagBag from /opt/airflow/dags/microscopy_clean_n_move.py
[2026-02-05T11:44:05.210+0000] {processor.py:840} INFO - DAG(s) 'microscopy_cleanup_n_copy' retrieved from /opt/airflow/dags/microscopy_clean_n_move.py
[2026-02-05T11:44:05.221+0000] {logging_mixin.py:188} INFO - [2026-02-05T11:44:05.221+0000] {dag.py:3047} INFO - Sync 1 DAGs
[2026-02-05T11:44:05.229+0000] {logging_mixin.py:188} INFO - [2026-02-05T11:44:05.229+0000] {dag.py:3834} INFO - Setting next_dagrun for microscopy_cleanup_n_copy to 2026-02-05 11:40:00+00:00, run_after=2026-02-05 11:45:00+00:00
[2026-02-05T11:44:05.240+0000] {processor.py:183} INFO - Processing /opt/airflow/dags/microscopy_clean_n_move.py took 0.079 seconds
[2026-02-05T11:44:35.452+0000] {processor.py:161} INFO - Started process (PID=422) to work on /opt/airflow/dags/microscopy_clean_n_move.py
[2026-02-05T11:44:35.454+0000] {processor.py:830} INFO - Processing file /opt/airflow/dags/microscopy_clean_n_move.py for tasks to queue
[2026-02-05T11:44:35.455+0000] {logging_mixin.py:188} INFO - [2026-02-05T11:44:35.454+0000] {dagbag.py:540} INFO - Filling up the DagBag from /opt/airflow/dags/microscopy_clean_n_move.py
[2026-02-05T11:44:35.500+0000] {processor.py:840} INFO - DAG(s) 'microscopy_cleanup_n_copy' retrieved from /opt/airflow/dags/microscopy_clean_n_move.py
[2026-02-05T11:44:35.511+0000] {logging_mixin.py:188} INFO - [2026-02-05T11:44:35.511+0000] {dag.py:3047} INFO - Sync 1 DAGs
[2026-02-05T11:44:35.518+0000] {logging_mixin.py:188} INFO - [2026-02-05T11:44:35.518+0000] {dag.py:3834} INFO - Setting next_dagrun for microscopy_cleanup_n_copy to 2026-02-05 11:40:00+00:00, run_after=2026-02-05 11:45:00+00:00
[2026-02-05T11:44:35.525+0000] {processor.py:183} INFO - Processing /opt/airflow/dags/microscopy_clean_n_move.py took 0.077 seconds
[2026-02-05T11:45:05.835+0000] {processor.py:161} INFO - Started process (PID=427) to work on /opt/airflow/dags/microscopy_clean_n_move.py
[2026-02-05T11:45:05.838+0000] {processor.py:830} INFO - Processing file /opt/airflow/dags/microscopy_clean_n_move.py for tasks to queue
[2026-02-05T11:45:05.838+0000] {logging_mixin.py:188} INFO - [2026-02-05T11:45:05.838+0000] {dagbag.py:540} INFO - Filling up the DagBag from /opt/airflow/dags/microscopy_clean_n_move.py
[2026-02-05T11:45:05.895+0000] {processor.py:840} INFO - DAG(s) 'microscopy_cleanup_n_copy' retrieved from /opt/airflow/dags/microscopy_clean_n_move.py
[2026-02-05T11:45:05.906+0000] {logging_mixin.py:188} INFO - [2026-02-05T11:45:05.906+0000] {dag.py:3047} INFO - Sync 1 DAGs
[2026-02-05T11:45:05.913+0000] {logging_mixin.py:188} INFO - [2026-02-05T11:45:05.913+0000] {dag.py:3834} INFO - Setting next_dagrun for microscopy_cleanup_n_copy to 2026-02-05 11:40:00+00:00, run_after=2026-02-05 11:45:00+00:00
[2026-02-05T11:45:05.920+0000] {processor.py:183} INFO - Processing /opt/airflow/dags/microscopy_clean_n_move.py took 0.089 seconds
[2026-02-05T11:45:36.141+0000] {processor.py:161} INFO - Started process (PID=432) to work on /opt/airflow/dags/microscopy_clean_n_move.py
[2026-02-05T11:45:36.142+0000] {processor.py:830} INFO - Processing file /opt/airflow/dags/microscopy_clean_n_move.py for tasks to queue
[2026-02-05T11:45:36.143+0000] {logging_mixin.py:188} INFO - [2026-02-05T11:45:36.143+0000] {dagbag.py:540} INFO - Filling up the DagBag from /opt/airflow/dags/microscopy_clean_n_move.py
[2026-02-05T11:45:36.192+0000] {processor.py:840} INFO - DAG(s) 'microscopy_cleanup_n_copy' retrieved from /opt/airflow/dags/microscopy_clean_n_move.py
[2026-02-05T11:45:36.203+0000] {logging_mixin.py:188} INFO - [2026-02-05T11:45:36.203+0000] {dag.py:3047} INFO - Sync 1 DAGs
[2026-02-05T11:45:36.211+0000] {logging_mixin.py:188} INFO - [2026-02-05T11:45:36.211+0000] {dag.py:3834} INFO - Setting next_dagrun for microscopy_cleanup_n_copy to 2026-02-05 11:40:00+00:00, run_after=2026-02-05 11:45:00+00:00
[2026-02-05T11:45:36.218+0000] {processor.py:183} INFO - Processing /opt/airflow/dags/microscopy_clean_n_move.py took 0.081 seconds
[2026-02-05T11:46:06.514+0000] {processor.py:161} INFO - Started process (PID=437) to work on /opt/airflow/dags/microscopy_clean_n_move.py
[2026-02-05T11:46:06.516+0000] {processor.py:830} INFO - Processing file /opt/airflow/dags/microscopy_clean_n_move.py for tasks to queue
[2026-02-05T11:46:06.517+0000] {logging_mixin.py:188} INFO - [2026-02-05T11:46:06.516+0000] {dagbag.py:540} INFO - Filling up the DagBag from /opt/airflow/dags/microscopy_clean_n_move.py
[2026-02-05T11:46:06.566+0000] {processor.py:840} INFO - DAG(s) 'microscopy_cleanup_n_copy' retrieved from /opt/airflow/dags/microscopy_clean_n_move.py
[2026-02-05T11:46:06.579+0000] {logging_mixin.py:188} INFO - [2026-02-05T11:46:06.579+0000] {dag.py:3047} INFO - Sync 1 DAGs
[2026-02-05T11:46:06.586+0000] {logging_mixin.py:188} INFO - [2026-02-05T11:46:06.586+0000] {dag.py:3834} INFO - Setting next_dagrun for microscopy_cleanup_n_copy to 2026-02-05 11:40:00+00:00, run_after=2026-02-05 11:45:00+00:00
[2026-02-05T11:46:06.592+0000] {processor.py:183} INFO - Processing /opt/airflow/dags/microscopy_clean_n_move.py took 0.082 seconds
[2026-02-05T11:46:36.845+0000] {processor.py:161} INFO - Started process (PID=442) to work on /opt/airflow/dags/microscopy_clean_n_move.py
[2026-02-05T11:46:36.847+0000] {processor.py:830} INFO - Processing file /opt/airflow/dags/microscopy_clean_n_move.py for tasks to queue
[2026-02-05T11:46:36.848+0000] {logging_mixin.py:188} INFO - [2026-02-05T11:46:36.847+0000] {dagbag.py:540} INFO - Filling up the DagBag from /opt/airflow/dags/microscopy_clean_n_move.py
[2026-02-05T11:46:36.898+0000] {processor.py:840} INFO - DAG(s) 'microscopy_cleanup_n_copy' retrieved from /opt/airflow/dags/microscopy_clean_n_move.py
[2026-02-05T11:46:36.907+0000] {logging_mixin.py:188} INFO - [2026-02-05T11:46:36.907+0000] {dag.py:3047} INFO - Sync 1 DAGs
[2026-02-05T11:46:36.914+0000] {logging_mixin.py:188} INFO - [2026-02-05T11:46:36.914+0000] {dag.py:3834} INFO - Setting next_dagrun for microscopy_cleanup_n_copy to 2026-02-05 11:40:00+00:00, run_after=2026-02-05 11:45:00+00:00
[2026-02-05T11:46:36.920+0000] {processor.py:183} INFO - Processing /opt/airflow/dags/microscopy_clean_n_move.py took 0.080 seconds
[2026-02-05T11:47:07.124+0000] {processor.py:161} INFO - Started process (PID=447) to work on /opt/airflow/dags/microscopy_clean_n_move.py
[2026-02-05T11:47:07.126+0000] {processor.py:830} INFO - Processing file /opt/airflow/dags/microscopy_clean_n_move.py for tasks to queue
[2026-02-05T11:47:07.127+0000] {logging_mixin.py:188} INFO - [2026-02-05T11:47:07.127+0000] {dagbag.py:540} INFO - Filling up the DagBag from /opt/airflow/dags/microscopy_clean_n_move.py
[2026-02-05T11:47:07.175+0000] {processor.py:840} INFO - DAG(s) 'microscopy_cleanup_n_copy' retrieved from /opt/airflow/dags/microscopy_clean_n_move.py
[2026-02-05T11:47:07.187+0000] {logging_mixin.py:188} INFO - [2026-02-05T11:47:07.187+0000] {dag.py:3047} INFO - Sync 1 DAGs
[2026-02-05T11:47:07.194+0000] {logging_mixin.py:188} INFO - [2026-02-05T11:47:07.194+0000] {dag.py:3834} INFO - Setting next_dagrun for microscopy_cleanup_n_copy to 2026-02-05 11:40:00+00:00, run_after=2026-02-05 11:45:00+00:00
[2026-02-05T11:47:07.200+0000] {processor.py:183} INFO - Processing /opt/airflow/dags/microscopy_clean_n_move.py took 0.082 seconds
[2026-02-05T11:47:37.460+0000] {processor.py:161} INFO - Started process (PID=452) to work on /opt/airflow/dags/microscopy_clean_n_move.py
[2026-02-05T11:47:37.461+0000] {processor.py:830} INFO - Processing file /opt/airflow/dags/microscopy_clean_n_move.py for tasks to queue
[2026-02-05T11:47:37.462+0000] {logging_mixin.py:188} INFO - [2026-02-05T11:47:37.462+0000] {dagbag.py:540} INFO - Filling up the DagBag from /opt/airflow/dags/microscopy_clean_n_move.py
[2026-02-05T11:47:37.510+0000] {processor.py:840} INFO - DAG(s) 'microscopy_cleanup_n_copy' retrieved from /opt/airflow/dags/microscopy_clean_n_move.py
[2026-02-05T11:47:37.520+0000] {logging_mixin.py:188} INFO - [2026-02-05T11:47:37.520+0000] {dag.py:3047} INFO - Sync 1 DAGs
[2026-02-05T11:47:37.527+0000] {logging_mixin.py:188} INFO - [2026-02-05T11:47:37.527+0000] {dag.py:3834} INFO - Setting next_dagrun for microscopy_cleanup_n_copy to 2026-02-05 11:40:00+00:00, run_after=2026-02-05 11:45:00+00:00
[2026-02-05T11:47:37.533+0000] {processor.py:183} INFO - Processing /opt/airflow/dags/microscopy_clean_n_move.py took 0.077 seconds
[2026-02-05T11:48:07.771+0000] {processor.py:161} INFO - Started process (PID=457) to work on /opt/airflow/dags/microscopy_clean_n_move.py
[2026-02-05T11:48:07.772+0000] {processor.py:830} INFO - Processing file /opt/airflow/dags/microscopy_clean_n_move.py for tasks to queue
[2026-02-05T11:48:07.772+0000] {logging_mixin.py:188} INFO - [2026-02-05T11:48:07.772+0000] {dagbag.py:540} INFO - Filling up the DagBag from /opt/airflow/dags/microscopy_clean_n_move.py
[2026-02-05T11:48:07.821+0000] {processor.py:840} INFO - DAG(s) 'microscopy_cleanup_n_copy' retrieved from /opt/airflow/dags/microscopy_clean_n_move.py
[2026-02-05T11:48:07.832+0000] {logging_mixin.py:188} INFO - [2026-02-05T11:48:07.832+0000] {dag.py:3047} INFO - Sync 1 DAGs
[2026-02-05T11:48:07.840+0000] {logging_mixin.py:188} INFO - [2026-02-05T11:48:07.840+0000] {dag.py:3834} INFO - Setting next_dagrun for microscopy_cleanup_n_copy to 2026-02-05 11:40:00+00:00, run_after=2026-02-05 11:45:00+00:00
[2026-02-05T11:48:07.847+0000] {processor.py:183} INFO - Processing /opt/airflow/dags/microscopy_clean_n_move.py took 0.079 seconds
[2026-02-05T11:48:38.185+0000] {processor.py:161} INFO - Started process (PID=462) to work on /opt/airflow/dags/microscopy_clean_n_move.py
[2026-02-05T11:48:38.187+0000] {processor.py:830} INFO - Processing file /opt/airflow/dags/microscopy_clean_n_move.py for tasks to queue
[2026-02-05T11:48:38.188+0000] {logging_mixin.py:188} INFO - [2026-02-05T11:48:38.188+0000] {dagbag.py:540} INFO - Filling up the DagBag from /opt/airflow/dags/microscopy_clean_n_move.py
[2026-02-05T11:48:38.239+0000] {processor.py:840} INFO - DAG(s) 'microscopy_cleanup_n_copy' retrieved from /opt/airflow/dags/microscopy_clean_n_move.py
[2026-02-05T11:48:38.249+0000] {logging_mixin.py:188} INFO - [2026-02-05T11:48:38.249+0000] {dag.py:3047} INFO - Sync 1 DAGs
[2026-02-05T11:48:38.256+0000] {logging_mixin.py:188} INFO - [2026-02-05T11:48:38.256+0000] {dag.py:3834} INFO - Setting next_dagrun for microscopy_cleanup_n_copy to 2026-02-05 11:40:00+00:00, run_after=2026-02-05 11:45:00+00:00
[2026-02-05T11:48:38.267+0000] {processor.py:183} INFO - Processing /opt/airflow/dags/microscopy_clean_n_move.py took 0.088 seconds
[2026-02-05T11:49:08.487+0000] {processor.py:161} INFO - Started process (PID=467) to work on /opt/airflow/dags/microscopy_clean_n_move.py
[2026-02-05T11:49:08.489+0000] {processor.py:830} INFO - Processing file /opt/airflow/dags/microscopy_clean_n_move.py for tasks to queue
[2026-02-05T11:49:08.490+0000] {logging_mixin.py:188} INFO - [2026-02-05T11:49:08.490+0000] {dagbag.py:540} INFO - Filling up the DagBag from /opt/airflow/dags/microscopy_clean_n_move.py
[2026-02-05T11:49:08.538+0000] {processor.py:840} INFO - DAG(s) 'microscopy_cleanup_n_copy' retrieved from /opt/airflow/dags/microscopy_clean_n_move.py
[2026-02-05T11:49:08.549+0000] {logging_mixin.py:188} INFO - [2026-02-05T11:49:08.549+0000] {dag.py:3047} INFO - Sync 1 DAGs
[2026-02-05T11:49:08.556+0000] {logging_mixin.py:188} INFO - [2026-02-05T11:49:08.556+0000] {dag.py:3834} INFO - Setting next_dagrun for microscopy_cleanup_n_copy to 2026-02-05 11:40:00+00:00, run_after=2026-02-05 11:45:00+00:00
[2026-02-05T11:49:08.567+0000] {processor.py:183} INFO - Processing /opt/airflow/dags/microscopy_clean_n_move.py took 0.085 seconds
[2026-02-05T11:49:38.836+0000] {processor.py:161} INFO - Started process (PID=472) to work on /opt/airflow/dags/microscopy_clean_n_move.py
[2026-02-05T11:49:38.838+0000] {processor.py:830} INFO - Processing file /opt/airflow/dags/microscopy_clean_n_move.py for tasks to queue
[2026-02-05T11:49:38.839+0000] {logging_mixin.py:188} INFO - [2026-02-05T11:49:38.838+0000] {dagbag.py:540} INFO - Filling up the DagBag from /opt/airflow/dags/microscopy_clean_n_move.py
[2026-02-05T11:49:38.886+0000] {processor.py:840} INFO - DAG(s) 'microscopy_cleanup_n_copy' retrieved from /opt/airflow/dags/microscopy_clean_n_move.py
[2026-02-05T11:49:38.901+0000] {logging_mixin.py:188} INFO - [2026-02-05T11:49:38.901+0000] {dag.py:3047} INFO - Sync 1 DAGs
[2026-02-05T11:49:38.907+0000] {logging_mixin.py:188} INFO - [2026-02-05T11:49:38.907+0000] {dag.py:3834} INFO - Setting next_dagrun for microscopy_cleanup_n_copy to 2026-02-05 11:40:00+00:00, run_after=2026-02-05 11:45:00+00:00
[2026-02-05T11:49:38.914+0000] {processor.py:183} INFO - Processing /opt/airflow/dags/microscopy_clean_n_move.py took 0.081 seconds
[2026-02-05T11:50:09.179+0000] {processor.py:161} INFO - Started process (PID=477) to work on /opt/airflow/dags/microscopy_clean_n_move.py
[2026-02-05T11:50:09.181+0000] {processor.py:830} INFO - Processing file /opt/airflow/dags/microscopy_clean_n_move.py for tasks to queue
[2026-02-05T11:50:09.182+0000] {logging_mixin.py:188} INFO - [2026-02-05T11:50:09.181+0000] {dagbag.py:540} INFO - Filling up the DagBag from /opt/airflow/dags/microscopy_clean_n_move.py
[2026-02-05T11:50:09.230+0000] {processor.py:840} INFO - DAG(s) 'microscopy_cleanup_n_copy' retrieved from /opt/airflow/dags/microscopy_clean_n_move.py
[2026-02-05T11:50:09.240+0000] {logging_mixin.py:188} INFO - [2026-02-05T11:50:09.240+0000] {dag.py:3047} INFO - Sync 1 DAGs
[2026-02-05T11:50:09.247+0000] {logging_mixin.py:188} INFO - [2026-02-05T11:50:09.247+0000] {dag.py:3834} INFO - Setting next_dagrun for microscopy_cleanup_n_copy to 2026-02-05 11:45:00+00:00, run_after=2026-02-05 11:50:00+00:00
[2026-02-05T11:50:09.253+0000] {processor.py:183} INFO - Processing /opt/airflow/dags/microscopy_clean_n_move.py took 0.078 seconds
[2026-02-05T11:50:39.498+0000] {processor.py:161} INFO - Started process (PID=482) to work on /opt/airflow/dags/microscopy_clean_n_move.py
[2026-02-05T11:50:39.500+0000] {processor.py:830} INFO - Processing file /opt/airflow/dags/microscopy_clean_n_move.py for tasks to queue
[2026-02-05T11:50:39.502+0000] {logging_mixin.py:188} INFO - [2026-02-05T11:50:39.501+0000] {dagbag.py:540} INFO - Filling up the DagBag from /opt/airflow/dags/microscopy_clean_n_move.py
[2026-02-05T11:50:39.549+0000] {processor.py:840} INFO - DAG(s) 'microscopy_cleanup_n_copy' retrieved from /opt/airflow/dags/microscopy_clean_n_move.py
[2026-02-05T11:50:39.558+0000] {logging_mixin.py:188} INFO - [2026-02-05T11:50:39.558+0000] {dag.py:3047} INFO - Sync 1 DAGs
[2026-02-05T11:50:39.565+0000] {logging_mixin.py:188} INFO - [2026-02-05T11:50:39.565+0000] {dag.py:3834} INFO - Setting next_dagrun for microscopy_cleanup_n_copy to 2026-02-05 11:45:00+00:00, run_after=2026-02-05 11:50:00+00:00
[2026-02-05T11:50:39.573+0000] {processor.py:183} INFO - Processing /opt/airflow/dags/microscopy_clean_n_move.py took 0.079 seconds
[2026-02-05T11:51:09.810+0000] {processor.py:161} INFO - Started process (PID=487) to work on /opt/airflow/dags/microscopy_clean_n_move.py
[2026-02-05T11:51:09.811+0000] {processor.py:830} INFO - Processing file /opt/airflow/dags/microscopy_clean_n_move.py for tasks to queue
[2026-02-05T11:51:09.812+0000] {logging_mixin.py:188} INFO - [2026-02-05T11:51:09.812+0000] {dagbag.py:540} INFO - Filling up the DagBag from /opt/airflow/dags/microscopy_clean_n_move.py
[2026-02-05T11:51:09.862+0000] {processor.py:840} INFO - DAG(s) 'microscopy_cleanup_n_copy' retrieved from /opt/airflow/dags/microscopy_clean_n_move.py
[2026-02-05T11:51:09.871+0000] {logging_mixin.py:188} INFO - [2026-02-05T11:51:09.871+0000] {dag.py:3047} INFO - Sync 1 DAGs
[2026-02-05T11:51:09.879+0000] {logging_mixin.py:188} INFO - [2026-02-05T11:51:09.879+0000] {dag.py:3834} INFO - Setting next_dagrun for microscopy_cleanup_n_copy to 2026-02-05 11:45:00+00:00, run_after=2026-02-05 11:50:00+00:00
[2026-02-05T11:51:09.886+0000] {processor.py:183} INFO - Processing /opt/airflow/dags/microscopy_clean_n_move.py took 0.078 seconds
[2026-02-05T11:51:40.168+0000] {processor.py:161} INFO - Started process (PID=492) to work on /opt/airflow/dags/microscopy_clean_n_move.py
[2026-02-05T11:51:40.169+0000] {processor.py:830} INFO - Processing file /opt/airflow/dags/microscopy_clean_n_move.py for tasks to queue
[2026-02-05T11:51:40.170+0000] {logging_mixin.py:188} INFO - [2026-02-05T11:51:40.170+0000] {dagbag.py:540} INFO - Filling up the DagBag from /opt/airflow/dags/microscopy_clean_n_move.py
[2026-02-05T11:51:40.218+0000] {processor.py:840} INFO - DAG(s) 'microscopy_cleanup_n_copy' retrieved from /opt/airflow/dags/microscopy_clean_n_move.py
[2026-02-05T11:51:40.228+0000] {logging_mixin.py:188} INFO - [2026-02-05T11:51:40.228+0000] {dag.py:3047} INFO - Sync 1 DAGs
[2026-02-05T11:51:40.236+0000] {logging_mixin.py:188} INFO - [2026-02-05T11:51:40.235+0000] {dag.py:3834} INFO - Setting next_dagrun for microscopy_cleanup_n_copy to 2026-02-05 11:45:00+00:00, run_after=2026-02-05 11:50:00+00:00
[2026-02-05T11:51:40.242+0000] {processor.py:183} INFO - Processing /opt/airflow/dags/microscopy_clean_n_move.py took 0.081 seconds
[2026-02-05T11:52:10.504+0000] {processor.py:161} INFO - Started process (PID=497) to work on /opt/airflow/dags/microscopy_clean_n_move.py
[2026-02-05T11:52:10.506+0000] {processor.py:830} INFO - Processing file /opt/airflow/dags/microscopy_clean_n_move.py for tasks to queue
[2026-02-05T11:52:10.507+0000] {logging_mixin.py:188} INFO - [2026-02-05T11:52:10.507+0000] {dagbag.py:540} INFO - Filling up the DagBag from /opt/airflow/dags/microscopy_clean_n_move.py
[2026-02-05T11:52:10.561+0000] {processor.py:840} INFO - DAG(s) 'microscopy_cleanup_n_copy' retrieved from /opt/airflow/dags/microscopy_clean_n_move.py
[2026-02-05T11:52:10.575+0000] {logging_mixin.py:188} INFO - [2026-02-05T11:52:10.575+0000] {dag.py:3047} INFO - Sync 1 DAGs
[2026-02-05T11:52:10.583+0000] {logging_mixin.py:188} INFO - [2026-02-05T11:52:10.583+0000] {dag.py:3834} INFO - Setting next_dagrun for microscopy_cleanup_n_copy to 2026-02-05 11:45:00+00:00, run_after=2026-02-05 11:50:00+00:00
[2026-02-05T11:52:10.591+0000] {processor.py:183} INFO - Processing /opt/airflow/dags/microscopy_clean_n_move.py took 0.091 seconds
[2026-02-05T11:52:40.828+0000] {processor.py:161} INFO - Started process (PID=502) to work on /opt/airflow/dags/microscopy_clean_n_move.py
[2026-02-05T11:52:40.832+0000] {processor.py:830} INFO - Processing file /opt/airflow/dags/microscopy_clean_n_move.py for tasks to queue
[2026-02-05T11:52:40.833+0000] {logging_mixin.py:188} INFO - [2026-02-05T11:52:40.833+0000] {dagbag.py:540} INFO - Filling up the DagBag from /opt/airflow/dags/microscopy_clean_n_move.py
[2026-02-05T11:52:40.899+0000] {processor.py:840} INFO - DAG(s) 'microscopy_cleanup_n_copy' retrieved from /opt/airflow/dags/microscopy_clean_n_move.py
[2026-02-05T11:52:40.912+0000] {logging_mixin.py:188} INFO - [2026-02-05T11:52:40.912+0000] {dag.py:3047} INFO - Sync 1 DAGs
[2026-02-05T11:52:40.919+0000] {logging_mixin.py:188} INFO - [2026-02-05T11:52:40.919+0000] {dag.py:3834} INFO - Setting next_dagrun for microscopy_cleanup_n_copy to 2026-02-05 11:45:00+00:00, run_after=2026-02-05 11:50:00+00:00
[2026-02-05T11:52:40.927+0000] {processor.py:183} INFO - Processing /opt/airflow/dags/microscopy_clean_n_move.py took 0.110 seconds
[2026-02-05T11:53:11.161+0000] {processor.py:161} INFO - Started process (PID=507) to work on /opt/airflow/dags/microscopy_clean_n_move.py
[2026-02-05T11:53:11.163+0000] {processor.py:830} INFO - Processing file /opt/airflow/dags/microscopy_clean_n_move.py for tasks to queue
[2026-02-05T11:53:11.163+0000] {logging_mixin.py:188} INFO - [2026-02-05T11:53:11.163+0000] {dagbag.py:540} INFO - Filling up the DagBag from /opt/airflow/dags/microscopy_clean_n_move.py
[2026-02-05T11:53:11.214+0000] {processor.py:840} INFO - DAG(s) 'microscopy_cleanup_n_copy' retrieved from /opt/airflow/dags/microscopy_clean_n_move.py
[2026-02-05T11:53:11.230+0000] {logging_mixin.py:188} INFO - [2026-02-05T11:53:11.230+0000] {dag.py:3047} INFO - Sync 1 DAGs
[2026-02-05T11:53:11.237+0000] {logging_mixin.py:188} INFO - [2026-02-05T11:53:11.237+0000] {dag.py:3834} INFO - Setting next_dagrun for microscopy_cleanup_n_copy to 2026-02-05 11:45:00+00:00, run_after=2026-02-05 11:50:00+00:00
[2026-02-05T11:53:11.244+0000] {processor.py:183} INFO - Processing /opt/airflow/dags/microscopy_clean_n_move.py took 0.090 seconds
[2026-02-05T11:53:41.500+0000] {processor.py:161} INFO - Started process (PID=512) to work on /opt/airflow/dags/microscopy_clean_n_move.py
[2026-02-05T11:53:41.502+0000] {processor.py:830} INFO - Processing file /opt/airflow/dags/microscopy_clean_n_move.py for tasks to queue
[2026-02-05T11:53:41.503+0000] {logging_mixin.py:188} INFO - [2026-02-05T11:53:41.503+0000] {dagbag.py:540} INFO - Filling up the DagBag from /opt/airflow/dags/microscopy_clean_n_move.py
[2026-02-05T11:53:41.552+0000] {processor.py:840} INFO - DAG(s) 'microscopy_cleanup_n_copy' retrieved from /opt/airflow/dags/microscopy_clean_n_move.py
[2026-02-05T11:53:41.564+0000] {logging_mixin.py:188} INFO - [2026-02-05T11:53:41.564+0000] {dag.py:3047} INFO - Sync 1 DAGs
[2026-02-05T11:53:41.571+0000] {logging_mixin.py:188} INFO - [2026-02-05T11:53:41.571+0000] {dag.py:3834} INFO - Setting next_dagrun for microscopy_cleanup_n_copy to 2026-02-05 11:45:00+00:00, run_after=2026-02-05 11:50:00+00:00
[2026-02-05T11:53:41.577+0000] {processor.py:183} INFO - Processing /opt/airflow/dags/microscopy_clean_n_move.py took 0.082 seconds
[2026-02-05T11:54:11.802+0000] {processor.py:161} INFO - Started process (PID=517) to work on /opt/airflow/dags/microscopy_clean_n_move.py
[2026-02-05T11:54:11.805+0000] {processor.py:830} INFO - Processing file /opt/airflow/dags/microscopy_clean_n_move.py for tasks to queue
[2026-02-05T11:54:11.806+0000] {logging_mixin.py:188} INFO - [2026-02-05T11:54:11.805+0000] {dagbag.py:540} INFO - Filling up the DagBag from /opt/airflow/dags/microscopy_clean_n_move.py
[2026-02-05T11:54:11.856+0000] {processor.py:840} INFO - DAG(s) 'microscopy_cleanup_n_copy' retrieved from /opt/airflow/dags/microscopy_clean_n_move.py
[2026-02-05T11:54:11.871+0000] {logging_mixin.py:188} INFO - [2026-02-05T11:54:11.871+0000] {dag.py:3047} INFO - Sync 1 DAGs
[2026-02-05T11:54:11.879+0000] {logging_mixin.py:188} INFO - [2026-02-05T11:54:11.879+0000] {dag.py:3834} INFO - Setting next_dagrun for microscopy_cleanup_n_copy to 2026-02-05 11:45:00+00:00, run_after=2026-02-05 11:50:00+00:00
[2026-02-05T11:54:11.885+0000] {processor.py:183} INFO - Processing /opt/airflow/dags/microscopy_clean_n_move.py took 0.087 seconds
[2026-02-05T11:54:42.126+0000] {processor.py:161} INFO - Started process (PID=522) to work on /opt/airflow/dags/microscopy_clean_n_move.py
[2026-02-05T11:54:42.128+0000] {processor.py:830} INFO - Processing file /opt/airflow/dags/microscopy_clean_n_move.py for tasks to queue
[2026-02-05T11:54:42.128+0000] {logging_mixin.py:188} INFO - [2026-02-05T11:54:42.128+0000] {dagbag.py:540} INFO - Filling up the DagBag from /opt/airflow/dags/microscopy_clean_n_move.py
[2026-02-05T11:54:42.178+0000] {processor.py:840} INFO - DAG(s) 'microscopy_cleanup_n_copy' retrieved from /opt/airflow/dags/microscopy_clean_n_move.py
[2026-02-05T11:54:42.190+0000] {logging_mixin.py:188} INFO - [2026-02-05T11:54:42.190+0000] {dag.py:3047} INFO - Sync 1 DAGs
[2026-02-05T11:54:42.198+0000] {logging_mixin.py:188} INFO - [2026-02-05T11:54:42.198+0000] {dag.py:3834} INFO - Setting next_dagrun for microscopy_cleanup_n_copy to 2026-02-05 11:45:00+00:00, run_after=2026-02-05 11:50:00+00:00
[2026-02-05T11:54:42.205+0000] {processor.py:183} INFO - Processing /opt/airflow/dags/microscopy_clean_n_move.py took 0.081 seconds
[2026-02-05T11:55:12.461+0000] {processor.py:161} INFO - Started process (PID=527) to work on /opt/airflow/dags/microscopy_clean_n_move.py
[2026-02-05T11:55:12.462+0000] {processor.py:830} INFO - Processing file /opt/airflow/dags/microscopy_clean_n_move.py for tasks to queue
[2026-02-05T11:55:12.463+0000] {logging_mixin.py:188} INFO - [2026-02-05T11:55:12.463+0000] {dagbag.py:540} INFO - Filling up the DagBag from /opt/airflow/dags/microscopy_clean_n_move.py
[2026-02-05T11:55:12.515+0000] {processor.py:840} INFO - DAG(s) 'microscopy_cleanup_n_copy' retrieved from /opt/airflow/dags/microscopy_clean_n_move.py
[2026-02-05T11:55:12.527+0000] {logging_mixin.py:188} INFO - [2026-02-05T11:55:12.527+0000] {dag.py:3047} INFO - Sync 1 DAGs
[2026-02-05T11:55:12.535+0000] {logging_mixin.py:188} INFO - [2026-02-05T11:55:12.535+0000] {dag.py:3834} INFO - Setting next_dagrun for microscopy_cleanup_n_copy to 2026-02-05 11:50:00+00:00, run_after=2026-02-05 11:55:00+00:00
[2026-02-05T11:55:12.543+0000] {processor.py:183} INFO - Processing /opt/airflow/dags/microscopy_clean_n_move.py took 0.085 seconds
[2026-02-05T11:55:20.579+0000] {processor.py:161} INFO - Started process (PID=532) to work on /opt/airflow/dags/microscopy_clean_n_move.py
[2026-02-05T11:55:20.580+0000] {processor.py:830} INFO - Processing file /opt/airflow/dags/microscopy_clean_n_move.py for tasks to queue
[2026-02-05T11:55:20.581+0000] {logging_mixin.py:188} INFO - [2026-02-05T11:55:20.580+0000] {dagbag.py:540} INFO - Filling up the DagBag from /opt/airflow/dags/microscopy_clean_n_move.py
[2026-02-05T11:55:20.629+0000] {processor.py:840} INFO - DAG(s) 'microscopy_cleanup_n_copy' retrieved from /opt/airflow/dags/microscopy_clean_n_move.py
[2026-02-05T11:55:20.654+0000] {logging_mixin.py:188} INFO - [2026-02-05T11:55:20.654+0000] {dag.py:3047} INFO - Sync 1 DAGs
[2026-02-05T11:55:20.669+0000] {logging_mixin.py:188} INFO - [2026-02-05T11:55:20.668+0000] {dag.py:3834} INFO - Setting next_dagrun for microscopy_cleanup_n_copy to 2026-02-05 11:50:00+00:00, run_after=2026-02-05 11:55:00+00:00
[2026-02-05T11:55:20.679+0000] {processor.py:183} INFO - Processing /opt/airflow/dags/microscopy_clean_n_move.py took 0.105 seconds
[2026-02-05T11:55:50.891+0000] {processor.py:161} INFO - Started process (PID=537) to work on /opt/airflow/dags/microscopy_clean_n_move.py
[2026-02-05T11:55:50.894+0000] {processor.py:830} INFO - Processing file /opt/airflow/dags/microscopy_clean_n_move.py for tasks to queue
[2026-02-05T11:55:50.895+0000] {logging_mixin.py:188} INFO - [2026-02-05T11:55:50.895+0000] {dagbag.py:540} INFO - Filling up the DagBag from /opt/airflow/dags/microscopy_clean_n_move.py
[2026-02-05T11:55:50.954+0000] {processor.py:840} INFO - DAG(s) 'microscopy_cleanup_n_copy' retrieved from /opt/airflow/dags/microscopy_clean_n_move.py
[2026-02-05T11:55:50.965+0000] {logging_mixin.py:188} INFO - [2026-02-05T11:55:50.965+0000] {dag.py:3047} INFO - Sync 1 DAGs
[2026-02-05T11:55:50.973+0000] {logging_mixin.py:188} INFO - [2026-02-05T11:55:50.973+0000] {dag.py:3834} INFO - Setting next_dagrun for microscopy_cleanup_n_copy to 2026-02-05 11:50:00+00:00, run_after=2026-02-05 11:55:00+00:00
[2026-02-05T11:55:50.980+0000] {processor.py:183} INFO - Processing /opt/airflow/dags/microscopy_clean_n_move.py took 0.096 seconds
[2026-02-05T11:56:21.238+0000] {processor.py:161} INFO - Started process (PID=546) to work on /opt/airflow/dags/microscopy_clean_n_move.py
[2026-02-05T11:56:21.240+0000] {processor.py:830} INFO - Processing file /opt/airflow/dags/microscopy_clean_n_move.py for tasks to queue
[2026-02-05T11:56:21.241+0000] {logging_mixin.py:188} INFO - [2026-02-05T11:56:21.241+0000] {dagbag.py:540} INFO - Filling up the DagBag from /opt/airflow/dags/microscopy_clean_n_move.py
[2026-02-05T11:56:21.282+0000] {processor.py:840} INFO - DAG(s) 'microscopy_cleanup_n_copy' retrieved from /opt/airflow/dags/microscopy_clean_n_move.py
[2026-02-05T11:56:21.296+0000] {logging_mixin.py:188} INFO - [2026-02-05T11:56:21.296+0000] {dag.py:3047} INFO - Sync 1 DAGs
[2026-02-05T11:56:21.307+0000] {logging_mixin.py:188} INFO - [2026-02-05T11:56:21.306+0000] {dag.py:3834} INFO - Setting next_dagrun for microscopy_cleanup_n_copy to 2026-02-05 11:55:00+00:00, run_after=2026-02-05 12:00:00+00:00
[2026-02-05T11:56:21.315+0000] {processor.py:183} INFO - Processing /opt/airflow/dags/microscopy_clean_n_move.py took 0.082 seconds
[2026-02-05T11:56:51.532+0000] {processor.py:161} INFO - Started process (PID=551) to work on /opt/airflow/dags/microscopy_clean_n_move.py
[2026-02-05T11:56:51.535+0000] {processor.py:830} INFO - Processing file /opt/airflow/dags/microscopy_clean_n_move.py for tasks to queue
[2026-02-05T11:56:51.536+0000] {logging_mixin.py:188} INFO - [2026-02-05T11:56:51.535+0000] {dagbag.py:540} INFO - Filling up the DagBag from /opt/airflow/dags/microscopy_clean_n_move.py
[2026-02-05T11:56:51.584+0000] {processor.py:840} INFO - DAG(s) 'microscopy_cleanup_n_copy' retrieved from /opt/airflow/dags/microscopy_clean_n_move.py
[2026-02-05T11:56:51.595+0000] {logging_mixin.py:188} INFO - [2026-02-05T11:56:51.595+0000] {dag.py:3047} INFO - Sync 1 DAGs
[2026-02-05T11:56:51.603+0000] {logging_mixin.py:188} INFO - [2026-02-05T11:56:51.603+0000] {dag.py:3834} INFO - Setting next_dagrun for microscopy_cleanup_n_copy to 2026-02-05 11:55:00+00:00, run_after=2026-02-05 12:00:00+00:00
[2026-02-05T11:56:51.609+0000] {processor.py:183} INFO - Processing /opt/airflow/dags/microscopy_clean_n_move.py took 0.082 seconds
[2026-02-05T11:57:21.879+0000] {processor.py:161} INFO - Started process (PID=556) to work on /opt/airflow/dags/microscopy_clean_n_move.py
[2026-02-05T11:57:21.882+0000] {processor.py:830} INFO - Processing file /opt/airflow/dags/microscopy_clean_n_move.py for tasks to queue
[2026-02-05T11:57:21.883+0000] {logging_mixin.py:188} INFO - [2026-02-05T11:57:21.883+0000] {dagbag.py:540} INFO - Filling up the DagBag from /opt/airflow/dags/microscopy_clean_n_move.py
[2026-02-05T11:57:21.947+0000] {processor.py:840} INFO - DAG(s) 'microscopy_cleanup_n_copy' retrieved from /opt/airflow/dags/microscopy_clean_n_move.py
[2026-02-05T11:57:21.959+0000] {logging_mixin.py:188} INFO - [2026-02-05T11:57:21.959+0000] {dag.py:3047} INFO - Sync 1 DAGs
[2026-02-05T11:57:21.967+0000] {logging_mixin.py:188} INFO - [2026-02-05T11:57:21.967+0000] {dag.py:3834} INFO - Setting next_dagrun for microscopy_cleanup_n_copy to 2026-02-05 11:55:00+00:00, run_after=2026-02-05 12:00:00+00:00
[2026-02-05T11:57:21.974+0000] {processor.py:183} INFO - Processing /opt/airflow/dags/microscopy_clean_n_move.py took 0.103 seconds
[2026-02-05T11:57:52.192+0000] {processor.py:161} INFO - Started process (PID=561) to work on /opt/airflow/dags/microscopy_clean_n_move.py
[2026-02-05T11:57:52.193+0000] {processor.py:830} INFO - Processing file /opt/airflow/dags/microscopy_clean_n_move.py for tasks to queue
[2026-02-05T11:57:52.193+0000] {logging_mixin.py:188} INFO - [2026-02-05T11:57:52.193+0000] {dagbag.py:540} INFO - Filling up the DagBag from /opt/airflow/dags/microscopy_clean_n_move.py
[2026-02-05T11:57:52.239+0000] {processor.py:840} INFO - DAG(s) 'microscopy_cleanup_n_copy' retrieved from /opt/airflow/dags/microscopy_clean_n_move.py
[2026-02-05T11:57:52.251+0000] {logging_mixin.py:188} INFO - [2026-02-05T11:57:52.250+0000] {dag.py:3047} INFO - Sync 1 DAGs
[2026-02-05T11:57:52.258+0000] {logging_mixin.py:188} INFO - [2026-02-05T11:57:52.258+0000] {dag.py:3834} INFO - Setting next_dagrun for microscopy_cleanup_n_copy to 2026-02-05 11:55:00+00:00, run_after=2026-02-05 12:00:00+00:00
[2026-02-05T11:57:52.264+0000] {processor.py:183} INFO - Processing /opt/airflow/dags/microscopy_clean_n_move.py took 0.077 seconds
[2026-02-05T11:58:22.506+0000] {processor.py:161} INFO - Started process (PID=566) to work on /opt/airflow/dags/microscopy_clean_n_move.py
[2026-02-05T11:58:22.509+0000] {processor.py:830} INFO - Processing file /opt/airflow/dags/microscopy_clean_n_move.py for tasks to queue
[2026-02-05T11:58:22.511+0000] {logging_mixin.py:188} INFO - [2026-02-05T11:58:22.510+0000] {dagbag.py:540} INFO - Filling up the DagBag from /opt/airflow/dags/microscopy_clean_n_move.py
[2026-02-05T11:58:22.562+0000] {processor.py:840} INFO - DAG(s) 'microscopy_cleanup_n_copy' retrieved from /opt/airflow/dags/microscopy_clean_n_move.py
[2026-02-05T11:58:22.574+0000] {logging_mixin.py:188} INFO - [2026-02-05T11:58:22.574+0000] {dag.py:3047} INFO - Sync 1 DAGs
[2026-02-05T11:58:22.582+0000] {logging_mixin.py:188} INFO - [2026-02-05T11:58:22.582+0000] {dag.py:3834} INFO - Setting next_dagrun for microscopy_cleanup_n_copy to 2026-02-05 11:55:00+00:00, run_after=2026-02-05 12:00:00+00:00
[2026-02-05T11:58:22.588+0000] {processor.py:183} INFO - Processing /opt/airflow/dags/microscopy_clean_n_move.py took 0.091 seconds
[2026-02-05T11:58:52.811+0000] {processor.py:161} INFO - Started process (PID=571) to work on /opt/airflow/dags/microscopy_clean_n_move.py
[2026-02-05T11:58:52.813+0000] {processor.py:830} INFO - Processing file /opt/airflow/dags/microscopy_clean_n_move.py for tasks to queue
[2026-02-05T11:58:52.814+0000] {logging_mixin.py:188} INFO - [2026-02-05T11:58:52.814+0000] {dagbag.py:540} INFO - Filling up the DagBag from /opt/airflow/dags/microscopy_clean_n_move.py
[2026-02-05T11:58:52.854+0000] {processor.py:840} INFO - DAG(s) 'microscopy_cleanup_n_copy' retrieved from /opt/airflow/dags/microscopy_clean_n_move.py
[2026-02-05T11:58:52.864+0000] {logging_mixin.py:188} INFO - [2026-02-05T11:58:52.864+0000] {dag.py:3047} INFO - Sync 1 DAGs
[2026-02-05T11:58:52.873+0000] {logging_mixin.py:188} INFO - [2026-02-05T11:58:52.873+0000] {dag.py:3834} INFO - Setting next_dagrun for microscopy_cleanup_n_copy to 2026-02-05 11:55:00+00:00, run_after=2026-02-05 12:00:00+00:00
[2026-02-05T11:58:52.880+0000] {processor.py:183} INFO - Processing /opt/airflow/dags/microscopy_clean_n_move.py took 0.076 seconds
[2026-02-05T11:59:23.118+0000] {processor.py:161} INFO - Started process (PID=576) to work on /opt/airflow/dags/microscopy_clean_n_move.py
[2026-02-05T11:59:23.119+0000] {processor.py:830} INFO - Processing file /opt/airflow/dags/microscopy_clean_n_move.py for tasks to queue
[2026-02-05T11:59:23.120+0000] {logging_mixin.py:188} INFO - [2026-02-05T11:59:23.120+0000] {dagbag.py:540} INFO - Filling up the DagBag from /opt/airflow/dags/microscopy_clean_n_move.py
[2026-02-05T11:59:23.172+0000] {processor.py:840} INFO - DAG(s) 'microscopy_cleanup_n_copy' retrieved from /opt/airflow/dags/microscopy_clean_n_move.py
[2026-02-05T11:59:23.183+0000] {logging_mixin.py:188} INFO - [2026-02-05T11:59:23.183+0000] {dag.py:3047} INFO - Sync 1 DAGs
[2026-02-05T11:59:23.191+0000] {logging_mixin.py:188} INFO - [2026-02-05T11:59:23.191+0000] {dag.py:3834} INFO - Setting next_dagrun for microscopy_cleanup_n_copy to 2026-02-05 11:55:00+00:00, run_after=2026-02-05 12:00:00+00:00
[2026-02-05T11:59:23.198+0000] {processor.py:183} INFO - Processing /opt/airflow/dags/microscopy_clean_n_move.py took 0.083 seconds
[2026-02-05T11:59:53.448+0000] {processor.py:161} INFO - Started process (PID=581) to work on /opt/airflow/dags/microscopy_clean_n_move.py
[2026-02-05T11:59:53.450+0000] {processor.py:830} INFO - Processing file /opt/airflow/dags/microscopy_clean_n_move.py for tasks to queue
[2026-02-05T11:59:53.451+0000] {logging_mixin.py:188} INFO - [2026-02-05T11:59:53.451+0000] {dagbag.py:540} INFO - Filling up the DagBag from /opt/airflow/dags/microscopy_clean_n_move.py
[2026-02-05T11:59:53.509+0000] {processor.py:840} INFO - DAG(s) 'microscopy_cleanup_n_copy' retrieved from /opt/airflow/dags/microscopy_clean_n_move.py
[2026-02-05T11:59:53.528+0000] {logging_mixin.py:188} INFO - [2026-02-05T11:59:53.528+0000] {dag.py:3047} INFO - Sync 1 DAGs
[2026-02-05T11:59:53.538+0000] {logging_mixin.py:188} INFO - [2026-02-05T11:59:53.538+0000] {dag.py:3834} INFO - Setting next_dagrun for microscopy_cleanup_n_copy to 2026-02-05 11:55:00+00:00, run_after=2026-02-05 12:00:00+00:00
[2026-02-05T11:59:53.546+0000] {processor.py:183} INFO - Processing /opt/airflow/dags/microscopy_clean_n_move.py took 0.105 seconds
[2026-02-05T12:00:23.744+0000] {processor.py:161} INFO - Started process (PID=586) to work on /opt/airflow/dags/microscopy_clean_n_move.py
[2026-02-05T12:00:23.747+0000] {processor.py:830} INFO - Processing file /opt/airflow/dags/microscopy_clean_n_move.py for tasks to queue
[2026-02-05T12:00:23.748+0000] {logging_mixin.py:188} INFO - [2026-02-05T12:00:23.748+0000] {dagbag.py:540} INFO - Filling up the DagBag from /opt/airflow/dags/microscopy_clean_n_move.py
[2026-02-05T12:00:23.798+0000] {processor.py:840} INFO - DAG(s) 'microscopy_cleanup_n_copy' retrieved from /opt/airflow/dags/microscopy_clean_n_move.py
[2026-02-05T12:00:23.809+0000] {logging_mixin.py:188} INFO - [2026-02-05T12:00:23.809+0000] {dag.py:3047} INFO - Sync 1 DAGs
[2026-02-05T12:00:23.817+0000] {logging_mixin.py:188} INFO - [2026-02-05T12:00:23.817+0000] {dag.py:3834} INFO - Setting next_dagrun for microscopy_cleanup_n_copy to 2026-02-05 11:55:00+00:00, run_after=2026-02-05 12:00:00+00:00
[2026-02-05T12:00:23.823+0000] {processor.py:183} INFO - Processing /opt/airflow/dags/microscopy_clean_n_move.py took 0.085 seconds
[2026-02-05T12:00:54.062+0000] {processor.py:161} INFO - Started process (PID=591) to work on /opt/airflow/dags/microscopy_clean_n_move.py
[2026-02-05T12:00:54.063+0000] {processor.py:830} INFO - Processing file /opt/airflow/dags/microscopy_clean_n_move.py for tasks to queue
[2026-02-05T12:00:54.064+0000] {logging_mixin.py:188} INFO - [2026-02-05T12:00:54.064+0000] {dagbag.py:540} INFO - Filling up the DagBag from /opt/airflow/dags/microscopy_clean_n_move.py
[2026-02-05T12:00:54.107+0000] {processor.py:840} INFO - DAG(s) 'microscopy_cleanup_n_copy' retrieved from /opt/airflow/dags/microscopy_clean_n_move.py
[2026-02-05T12:00:54.118+0000] {logging_mixin.py:188} INFO - [2026-02-05T12:00:54.118+0000] {dag.py:3047} INFO - Sync 1 DAGs
[2026-02-05T12:00:54.126+0000] {logging_mixin.py:188} INFO - [2026-02-05T12:00:54.126+0000] {dag.py:3834} INFO - Setting next_dagrun for microscopy_cleanup_n_copy to 2026-02-05 11:55:00+00:00, run_after=2026-02-05 12:00:00+00:00
[2026-02-05T12:00:54.132+0000] {processor.py:183} INFO - Processing /opt/airflow/dags/microscopy_clean_n_move.py took 0.073 seconds
[2026-02-05T12:01:24.387+0000] {processor.py:161} INFO - Started process (PID=596) to work on /opt/airflow/dags/microscopy_clean_n_move.py
[2026-02-05T12:01:24.388+0000] {processor.py:830} INFO - Processing file /opt/airflow/dags/microscopy_clean_n_move.py for tasks to queue
[2026-02-05T12:01:24.389+0000] {logging_mixin.py:188} INFO - [2026-02-05T12:01:24.388+0000] {dagbag.py:540} INFO - Filling up the DagBag from /opt/airflow/dags/microscopy_clean_n_move.py
[2026-02-05T12:01:24.445+0000] {processor.py:840} INFO - DAG(s) 'microscopy_cleanup_n_copy' retrieved from /opt/airflow/dags/microscopy_clean_n_move.py
[2026-02-05T12:01:24.458+0000] {logging_mixin.py:188} INFO - [2026-02-05T12:01:24.458+0000] {dag.py:3047} INFO - Sync 1 DAGs
[2026-02-05T12:01:24.466+0000] {logging_mixin.py:188} INFO - [2026-02-05T12:01:24.466+0000] {dag.py:3834} INFO - Setting next_dagrun for microscopy_cleanup_n_copy to 2026-02-05 11:55:00+00:00, run_after=2026-02-05 12:00:00+00:00
[2026-02-05T12:01:24.476+0000] {processor.py:183} INFO - Processing /opt/airflow/dags/microscopy_clean_n_move.py took 0.095 seconds
[2026-02-05T12:01:54.665+0000] {processor.py:161} INFO - Started process (PID=601) to work on /opt/airflow/dags/microscopy_clean_n_move.py
[2026-02-05T12:01:54.667+0000] {processor.py:830} INFO - Processing file /opt/airflow/dags/microscopy_clean_n_move.py for tasks to queue
[2026-02-05T12:01:54.668+0000] {logging_mixin.py:188} INFO - [2026-02-05T12:01:54.667+0000] {dagbag.py:540} INFO - Filling up the DagBag from /opt/airflow/dags/microscopy_clean_n_move.py
[2026-02-05T12:01:54.714+0000] {processor.py:840} INFO - DAG(s) 'microscopy_cleanup_n_copy' retrieved from /opt/airflow/dags/microscopy_clean_n_move.py
[2026-02-05T12:01:54.726+0000] {logging_mixin.py:188} INFO - [2026-02-05T12:01:54.726+0000] {dag.py:3047} INFO - Sync 1 DAGs
[2026-02-05T12:01:54.735+0000] {logging_mixin.py:188} INFO - [2026-02-05T12:01:54.735+0000] {dag.py:3834} INFO - Setting next_dagrun for microscopy_cleanup_n_copy to 2026-02-05 11:55:00+00:00, run_after=2026-02-05 12:00:00+00:00
[2026-02-05T12:01:54.741+0000] {processor.py:183} INFO - Processing /opt/airflow/dags/microscopy_clean_n_move.py took 0.081 seconds
[2026-02-05T12:02:11.858+0000] {processor.py:161} INFO - Started process (PID=606) to work on /opt/airflow/dags/microscopy_clean_n_move.py
[2026-02-05T12:02:11.861+0000] {processor.py:830} INFO - Processing file /opt/airflow/dags/microscopy_clean_n_move.py for tasks to queue
[2026-02-05T12:02:11.862+0000] {logging_mixin.py:188} INFO - [2026-02-05T12:02:11.861+0000] {dagbag.py:540} INFO - Filling up the DagBag from /opt/airflow/dags/microscopy_clean_n_move.py
[2026-02-05T12:02:11.914+0000] {processor.py:840} INFO - DAG(s) 'microscopy_cleanup_n_copy' retrieved from /opt/airflow/dags/microscopy_clean_n_move.py
[2026-02-05T12:02:11.926+0000] {logging_mixin.py:188} INFO - [2026-02-05T12:02:11.925+0000] {dag.py:3047} INFO - Sync 1 DAGs
[2026-02-05T12:02:11.933+0000] {logging_mixin.py:188} INFO - [2026-02-05T12:02:11.933+0000] {dag.py:3834} INFO - Setting next_dagrun for microscopy_cleanup_n_copy to 2026-02-05 11:55:00+00:00, run_after=2026-02-05 12:00:00+00:00
[2026-02-05T12:02:11.943+0000] {processor.py:183} INFO - Processing /opt/airflow/dags/microscopy_clean_n_move.py took 0.088 seconds
[2026-02-05T12:02:42.195+0000] {processor.py:161} INFO - Started process (PID=611) to work on /opt/airflow/dags/microscopy_clean_n_move.py
[2026-02-05T12:02:42.197+0000] {processor.py:830} INFO - Processing file /opt/airflow/dags/microscopy_clean_n_move.py for tasks to queue
[2026-02-05T12:02:42.197+0000] {logging_mixin.py:188} INFO - [2026-02-05T12:02:42.197+0000] {dagbag.py:540} INFO - Filling up the DagBag from /opt/airflow/dags/microscopy_clean_n_move.py
[2026-02-05T12:02:42.247+0000] {processor.py:840} INFO - DAG(s) 'microscopy_cleanup_n_copy' retrieved from /opt/airflow/dags/microscopy_clean_n_move.py
[2026-02-05T12:02:42.259+0000] {logging_mixin.py:188} INFO - [2026-02-05T12:02:42.259+0000] {dag.py:3047} INFO - Sync 1 DAGs
[2026-02-05T12:02:42.267+0000] {logging_mixin.py:188} INFO - [2026-02-05T12:02:42.267+0000] {dag.py:3834} INFO - Setting next_dagrun for microscopy_cleanup_n_copy to 2026-02-05 11:55:00+00:00, run_after=2026-02-05 12:00:00+00:00
[2026-02-05T12:02:42.278+0000] {processor.py:183} INFO - Processing /opt/airflow/dags/microscopy_clean_n_move.py took 0.087 seconds
[2026-02-05T12:03:12.490+0000] {processor.py:161} INFO - Started process (PID=620) to work on /opt/airflow/dags/microscopy_clean_n_move.py
[2026-02-05T12:03:12.492+0000] {processor.py:830} INFO - Processing file /opt/airflow/dags/microscopy_clean_n_move.py for tasks to queue
[2026-02-05T12:03:12.494+0000] {logging_mixin.py:188} INFO - [2026-02-05T12:03:12.493+0000] {dagbag.py:540} INFO - Filling up the DagBag from /opt/airflow/dags/microscopy_clean_n_move.py
[2026-02-05T12:03:12.540+0000] {processor.py:840} INFO - DAG(s) 'microscopy_cleanup_n_copy' retrieved from /opt/airflow/dags/microscopy_clean_n_move.py
[2026-02-05T12:03:12.551+0000] {logging_mixin.py:188} INFO - [2026-02-05T12:03:12.551+0000] {dag.py:3047} INFO - Sync 1 DAGs
[2026-02-05T12:03:12.559+0000] {logging_mixin.py:188} INFO - [2026-02-05T12:03:12.559+0000] {dag.py:3834} INFO - Setting next_dagrun for microscopy_cleanup_n_copy to 2026-02-05 12:00:00+00:00, run_after=2026-02-05 12:05:00+00:00
[2026-02-05T12:03:12.567+0000] {processor.py:183} INFO - Processing /opt/airflow/dags/microscopy_clean_n_move.py took 0.082 seconds
[2026-02-05T12:03:42.809+0000] {processor.py:161} INFO - Started process (PID=625) to work on /opt/airflow/dags/microscopy_clean_n_move.py
[2026-02-05T12:03:42.811+0000] {processor.py:830} INFO - Processing file /opt/airflow/dags/microscopy_clean_n_move.py for tasks to queue
[2026-02-05T12:03:42.812+0000] {logging_mixin.py:188} INFO - [2026-02-05T12:03:42.812+0000] {dagbag.py:540} INFO - Filling up the DagBag from /opt/airflow/dags/microscopy_clean_n_move.py
[2026-02-05T12:03:42.863+0000] {processor.py:840} INFO - DAG(s) 'microscopy_cleanup_n_copy' retrieved from /opt/airflow/dags/microscopy_clean_n_move.py
[2026-02-05T12:03:42.882+0000] {logging_mixin.py:188} INFO - [2026-02-05T12:03:42.882+0000] {dag.py:3047} INFO - Sync 1 DAGs
[2026-02-05T12:03:42.889+0000] {logging_mixin.py:188} INFO - [2026-02-05T12:03:42.889+0000] {dag.py:3834} INFO - Setting next_dagrun for microscopy_cleanup_n_copy to 2026-02-05 12:00:00+00:00, run_after=2026-02-05 12:05:00+00:00
[2026-02-05T12:03:42.895+0000] {processor.py:183} INFO - Processing /opt/airflow/dags/microscopy_clean_n_move.py took 0.092 seconds
[2026-02-05T12:04:13.125+0000] {processor.py:161} INFO - Started process (PID=630) to work on /opt/airflow/dags/microscopy_clean_n_move.py
[2026-02-05T12:04:13.127+0000] {processor.py:830} INFO - Processing file /opt/airflow/dags/microscopy_clean_n_move.py for tasks to queue
[2026-02-05T12:04:13.128+0000] {logging_mixin.py:188} INFO - [2026-02-05T12:04:13.127+0000] {dagbag.py:540} INFO - Filling up the DagBag from /opt/airflow/dags/microscopy_clean_n_move.py
[2026-02-05T12:04:13.177+0000] {processor.py:840} INFO - DAG(s) 'microscopy_cleanup_n_copy' retrieved from /opt/airflow/dags/microscopy_clean_n_move.py
[2026-02-05T12:04:13.187+0000] {logging_mixin.py:188} INFO - [2026-02-05T12:04:13.187+0000] {dag.py:3047} INFO - Sync 1 DAGs
[2026-02-05T12:04:13.195+0000] {logging_mixin.py:188} INFO - [2026-02-05T12:04:13.195+0000] {dag.py:3834} INFO - Setting next_dagrun for microscopy_cleanup_n_copy to 2026-02-05 12:00:00+00:00, run_after=2026-02-05 12:05:00+00:00
[2026-02-05T12:04:13.201+0000] {processor.py:183} INFO - Processing /opt/airflow/dags/microscopy_clean_n_move.py took 0.081 seconds
[2026-02-05T12:04:43.442+0000] {processor.py:161} INFO - Started process (PID=635) to work on /opt/airflow/dags/microscopy_clean_n_move.py
[2026-02-05T12:04:43.445+0000] {processor.py:830} INFO - Processing file /opt/airflow/dags/microscopy_clean_n_move.py for tasks to queue
[2026-02-05T12:04:43.447+0000] {logging_mixin.py:188} INFO - [2026-02-05T12:04:43.446+0000] {dagbag.py:540} INFO - Filling up the DagBag from /opt/airflow/dags/microscopy_clean_n_move.py
[2026-02-05T12:04:43.499+0000] {processor.py:840} INFO - DAG(s) 'microscopy_cleanup_n_copy' retrieved from /opt/airflow/dags/microscopy_clean_n_move.py
[2026-02-05T12:04:43.510+0000] {logging_mixin.py:188} INFO - [2026-02-05T12:04:43.510+0000] {dag.py:3047} INFO - Sync 1 DAGs
[2026-02-05T12:04:43.520+0000] {logging_mixin.py:188} INFO - [2026-02-05T12:04:43.520+0000] {dag.py:3834} INFO - Setting next_dagrun for microscopy_cleanup_n_copy to 2026-02-05 12:00:00+00:00, run_after=2026-02-05 12:05:00+00:00
[2026-02-05T12:04:43.526+0000] {processor.py:183} INFO - Processing /opt/airflow/dags/microscopy_clean_n_move.py took 0.088 seconds
[2026-02-05T12:05:13.754+0000] {processor.py:161} INFO - Started process (PID=640) to work on /opt/airflow/dags/microscopy_clean_n_move.py
[2026-02-05T12:05:13.756+0000] {processor.py:830} INFO - Processing file /opt/airflow/dags/microscopy_clean_n_move.py for tasks to queue
[2026-02-05T12:05:13.757+0000] {logging_mixin.py:188} INFO - [2026-02-05T12:05:13.756+0000] {dagbag.py:540} INFO - Filling up the DagBag from /opt/airflow/dags/microscopy_clean_n_move.py
[2026-02-05T12:05:13.807+0000] {processor.py:840} INFO - DAG(s) 'microscopy_cleanup_n_copy' retrieved from /opt/airflow/dags/microscopy_clean_n_move.py
[2026-02-05T12:05:13.819+0000] {logging_mixin.py:188} INFO - [2026-02-05T12:05:13.819+0000] {dag.py:3047} INFO - Sync 1 DAGs
[2026-02-05T12:05:13.826+0000] {logging_mixin.py:188} INFO - [2026-02-05T12:05:13.826+0000] {dag.py:3834} INFO - Setting next_dagrun for microscopy_cleanup_n_copy to 2026-02-05 12:00:00+00:00, run_after=2026-02-05 12:05:00+00:00
[2026-02-05T12:05:13.832+0000] {processor.py:183} INFO - Processing /opt/airflow/dags/microscopy_clean_n_move.py took 0.084 seconds
[2026-02-05T12:05:44.057+0000] {processor.py:161} INFO - Started process (PID=645) to work on /opt/airflow/dags/microscopy_clean_n_move.py
[2026-02-05T12:05:44.059+0000] {processor.py:830} INFO - Processing file /opt/airflow/dags/microscopy_clean_n_move.py for tasks to queue
[2026-02-05T12:05:44.060+0000] {logging_mixin.py:188} INFO - [2026-02-05T12:05:44.060+0000] {dagbag.py:540} INFO - Filling up the DagBag from /opt/airflow/dags/microscopy_clean_n_move.py
[2026-02-05T12:05:44.109+0000] {processor.py:840} INFO - DAG(s) 'microscopy_cleanup_n_copy' retrieved from /opt/airflow/dags/microscopy_clean_n_move.py
[2026-02-05T12:05:44.118+0000] {logging_mixin.py:188} INFO - [2026-02-05T12:05:44.118+0000] {dag.py:3047} INFO - Sync 1 DAGs
[2026-02-05T12:05:44.126+0000] {logging_mixin.py:188} INFO - [2026-02-05T12:05:44.126+0000] {dag.py:3834} INFO - Setting next_dagrun for microscopy_cleanup_n_copy to 2026-02-05 12:00:00+00:00, run_after=2026-02-05 12:05:00+00:00
[2026-02-05T12:05:44.132+0000] {processor.py:183} INFO - Processing /opt/airflow/dags/microscopy_clean_n_move.py took 0.078 seconds
[2026-02-05T12:06:14.379+0000] {processor.py:161} INFO - Started process (PID=650) to work on /opt/airflow/dags/microscopy_clean_n_move.py
[2026-02-05T12:06:14.380+0000] {processor.py:830} INFO - Processing file /opt/airflow/dags/microscopy_clean_n_move.py for tasks to queue
[2026-02-05T12:06:14.381+0000] {logging_mixin.py:188} INFO - [2026-02-05T12:06:14.381+0000] {dagbag.py:540} INFO - Filling up the DagBag from /opt/airflow/dags/microscopy_clean_n_move.py
[2026-02-05T12:06:14.439+0000] {processor.py:840} INFO - DAG(s) 'microscopy_cleanup_n_copy' retrieved from /opt/airflow/dags/microscopy_clean_n_move.py
[2026-02-05T12:06:14.450+0000] {logging_mixin.py:188} INFO - [2026-02-05T12:06:14.450+0000] {dag.py:3047} INFO - Sync 1 DAGs
[2026-02-05T12:06:14.460+0000] {logging_mixin.py:188} INFO - [2026-02-05T12:06:14.460+0000] {dag.py:3834} INFO - Setting next_dagrun for microscopy_cleanup_n_copy to 2026-02-05 12:00:00+00:00, run_after=2026-02-05 12:05:00+00:00
[2026-02-05T12:06:14.466+0000] {processor.py:183} INFO - Processing /opt/airflow/dags/microscopy_clean_n_move.py took 0.090 seconds
[2026-02-05T12:06:44.676+0000] {processor.py:161} INFO - Started process (PID=655) to work on /opt/airflow/dags/microscopy_clean_n_move.py
[2026-02-05T12:06:44.679+0000] {processor.py:830} INFO - Processing file /opt/airflow/dags/microscopy_clean_n_move.py for tasks to queue
[2026-02-05T12:06:44.680+0000] {logging_mixin.py:188} INFO - [2026-02-05T12:06:44.679+0000] {dagbag.py:540} INFO - Filling up the DagBag from /opt/airflow/dags/microscopy_clean_n_move.py
[2026-02-05T12:06:44.734+0000] {processor.py:840} INFO - DAG(s) 'microscopy_cleanup_n_copy' retrieved from /opt/airflow/dags/microscopy_clean_n_move.py
[2026-02-05T12:06:44.746+0000] {logging_mixin.py:188} INFO - [2026-02-05T12:06:44.746+0000] {dag.py:3047} INFO - Sync 1 DAGs
[2026-02-05T12:06:44.754+0000] {logging_mixin.py:188} INFO - [2026-02-05T12:06:44.754+0000] {dag.py:3834} INFO - Setting next_dagrun for microscopy_cleanup_n_copy to 2026-02-05 12:00:00+00:00, run_after=2026-02-05 12:05:00+00:00
[2026-02-05T12:06:44.760+0000] {processor.py:183} INFO - Processing /opt/airflow/dags/microscopy_clean_n_move.py took 0.091 seconds
[2026-02-05T12:07:14.992+0000] {processor.py:161} INFO - Started process (PID=660) to work on /opt/airflow/dags/microscopy_clean_n_move.py
[2026-02-05T12:07:14.994+0000] {processor.py:830} INFO - Processing file /opt/airflow/dags/microscopy_clean_n_move.py for tasks to queue
[2026-02-05T12:07:14.995+0000] {logging_mixin.py:188} INFO - [2026-02-05T12:07:14.994+0000] {dagbag.py:540} INFO - Filling up the DagBag from /opt/airflow/dags/microscopy_clean_n_move.py
[2026-02-05T12:07:15.041+0000] {processor.py:840} INFO - DAG(s) 'microscopy_cleanup_n_copy' retrieved from /opt/airflow/dags/microscopy_clean_n_move.py
[2026-02-05T12:07:15.052+0000] {logging_mixin.py:188} INFO - [2026-02-05T12:07:15.052+0000] {dag.py:3047} INFO - Sync 1 DAGs
[2026-02-05T12:07:15.061+0000] {logging_mixin.py:188} INFO - [2026-02-05T12:07:15.060+0000] {dag.py:3834} INFO - Setting next_dagrun for microscopy_cleanup_n_copy to 2026-02-05 12:00:00+00:00, run_after=2026-02-05 12:05:00+00:00
[2026-02-05T12:07:15.067+0000] {processor.py:183} INFO - Processing /opt/airflow/dags/microscopy_clean_n_move.py took 0.082 seconds
[2026-02-05T12:07:45.253+0000] {processor.py:161} INFO - Started process (PID=665) to work on /opt/airflow/dags/microscopy_clean_n_move.py
[2026-02-05T12:07:45.254+0000] {processor.py:830} INFO - Processing file /opt/airflow/dags/microscopy_clean_n_move.py for tasks to queue
[2026-02-05T12:07:45.255+0000] {logging_mixin.py:188} INFO - [2026-02-05T12:07:45.255+0000] {dagbag.py:540} INFO - Filling up the DagBag from /opt/airflow/dags/microscopy_clean_n_move.py
[2026-02-05T12:07:45.303+0000] {processor.py:840} INFO - DAG(s) 'microscopy_cleanup_n_copy' retrieved from /opt/airflow/dags/microscopy_clean_n_move.py
[2026-02-05T12:07:45.316+0000] {logging_mixin.py:188} INFO - [2026-02-05T12:07:45.316+0000] {dag.py:3047} INFO - Sync 1 DAGs
[2026-02-05T12:07:45.325+0000] {logging_mixin.py:188} INFO - [2026-02-05T12:07:45.324+0000] {dag.py:3834} INFO - Setting next_dagrun for microscopy_cleanup_n_copy to 2026-02-05 12:00:00+00:00, run_after=2026-02-05 12:05:00+00:00
[2026-02-05T12:07:45.332+0000] {processor.py:183} INFO - Processing /opt/airflow/dags/microscopy_clean_n_move.py took 0.084 seconds
[2026-02-05T12:08:15.512+0000] {processor.py:161} INFO - Started process (PID=670) to work on /opt/airflow/dags/microscopy_clean_n_move.py
[2026-02-05T12:08:15.514+0000] {processor.py:830} INFO - Processing file /opt/airflow/dags/microscopy_clean_n_move.py for tasks to queue
[2026-02-05T12:08:15.514+0000] {logging_mixin.py:188} INFO - [2026-02-05T12:08:15.514+0000] {dagbag.py:540} INFO - Filling up the DagBag from /opt/airflow/dags/microscopy_clean_n_move.py
[2026-02-05T12:08:15.562+0000] {processor.py:840} INFO - DAG(s) 'microscopy_cleanup_n_copy' retrieved from /opt/airflow/dags/microscopy_clean_n_move.py
[2026-02-05T12:08:15.574+0000] {logging_mixin.py:188} INFO - [2026-02-05T12:08:15.574+0000] {dag.py:3047} INFO - Sync 1 DAGs
[2026-02-05T12:08:15.585+0000] {logging_mixin.py:188} INFO - [2026-02-05T12:08:15.584+0000] {dag.py:3834} INFO - Setting next_dagrun for microscopy_cleanup_n_copy to 2026-02-05 12:00:00+00:00, run_after=2026-02-05 12:05:00+00:00
[2026-02-05T12:08:15.591+0000] {processor.py:183} INFO - Processing /opt/airflow/dags/microscopy_clean_n_move.py took 0.083 seconds
[2026-02-05T12:08:41.865+0000] {processor.py:161} INFO - Started process (PID=675) to work on /opt/airflow/dags/microscopy_clean_n_move.py
[2026-02-05T12:08:41.867+0000] {processor.py:830} INFO - Processing file /opt/airflow/dags/microscopy_clean_n_move.py for tasks to queue
[2026-02-05T12:08:41.868+0000] {logging_mixin.py:188} INFO - [2026-02-05T12:08:41.867+0000] {dagbag.py:540} INFO - Filling up the DagBag from /opt/airflow/dags/microscopy_clean_n_move.py
[2026-02-05T12:08:41.917+0000] {processor.py:840} INFO - DAG(s) 'microscopy_cleanup_n_copy' retrieved from /opt/airflow/dags/microscopy_clean_n_move.py
[2026-02-05T12:08:41.930+0000] {logging_mixin.py:188} INFO - [2026-02-05T12:08:41.930+0000] {dag.py:3047} INFO - Sync 1 DAGs
[2026-02-05T12:08:41.939+0000] {logging_mixin.py:188} INFO - [2026-02-05T12:08:41.939+0000] {dag.py:3834} INFO - Setting next_dagrun for microscopy_cleanup_n_copy to 2026-02-05 12:00:00+00:00, run_after=2026-02-05 12:05:00+00:00
[2026-02-05T12:08:41.948+0000] {processor.py:183} INFO - Processing /opt/airflow/dags/microscopy_clean_n_move.py took 0.089 seconds
[2026-02-05T12:09:12.147+0000] {processor.py:161} INFO - Started process (PID=684) to work on /opt/airflow/dags/microscopy_clean_n_move.py
[2026-02-05T12:09:12.148+0000] {processor.py:830} INFO - Processing file /opt/airflow/dags/microscopy_clean_n_move.py for tasks to queue
[2026-02-05T12:09:12.149+0000] {logging_mixin.py:188} INFO - [2026-02-05T12:09:12.149+0000] {dagbag.py:540} INFO - Filling up the DagBag from /opt/airflow/dags/microscopy_clean_n_move.py
[2026-02-05T12:09:12.192+0000] {processor.py:840} INFO - DAG(s) 'microscopy_cleanup_n_copy' retrieved from /opt/airflow/dags/microscopy_clean_n_move.py
[2026-02-05T12:09:12.203+0000] {logging_mixin.py:188} INFO - [2026-02-05T12:09:12.203+0000] {dag.py:3047} INFO - Sync 1 DAGs
[2026-02-05T12:09:12.210+0000] {logging_mixin.py:188} INFO - [2026-02-05T12:09:12.210+0000] {dag.py:3834} INFO - Setting next_dagrun for microscopy_cleanup_n_copy to 2026-02-05 12:05:00+00:00, run_after=2026-02-05 12:10:00+00:00
[2026-02-05T12:09:12.218+0000] {processor.py:183} INFO - Processing /opt/airflow/dags/microscopy_clean_n_move.py took 0.073 seconds
[2026-02-05T12:09:42.503+0000] {processor.py:161} INFO - Started process (PID=689) to work on /opt/airflow/dags/microscopy_clean_n_move.py
[2026-02-05T12:09:42.505+0000] {processor.py:830} INFO - Processing file /opt/airflow/dags/microscopy_clean_n_move.py for tasks to queue
[2026-02-05T12:09:42.506+0000] {logging_mixin.py:188} INFO - [2026-02-05T12:09:42.505+0000] {dagbag.py:540} INFO - Filling up the DagBag from /opt/airflow/dags/microscopy_clean_n_move.py
[2026-02-05T12:09:42.558+0000] {processor.py:840} INFO - DAG(s) 'microscopy_cleanup_n_copy' retrieved from /opt/airflow/dags/microscopy_clean_n_move.py
[2026-02-05T12:09:42.571+0000] {logging_mixin.py:188} INFO - [2026-02-05T12:09:42.570+0000] {dag.py:3047} INFO - Sync 1 DAGs
[2026-02-05T12:09:42.579+0000] {logging_mixin.py:188} INFO - [2026-02-05T12:09:42.579+0000] {dag.py:3834} INFO - Setting next_dagrun for microscopy_cleanup_n_copy to 2026-02-05 12:05:00+00:00, run_after=2026-02-05 12:10:00+00:00
[2026-02-05T12:09:42.586+0000] {processor.py:183} INFO - Processing /opt/airflow/dags/microscopy_clean_n_move.py took 0.086 seconds
[2026-02-05T12:10:12.811+0000] {processor.py:161} INFO - Started process (PID=694) to work on /opt/airflow/dags/microscopy_clean_n_move.py
[2026-02-05T12:10:12.813+0000] {processor.py:830} INFO - Processing file /opt/airflow/dags/microscopy_clean_n_move.py for tasks to queue
[2026-02-05T12:10:12.813+0000] {logging_mixin.py:188} INFO - [2026-02-05T12:10:12.813+0000] {dagbag.py:540} INFO - Filling up the DagBag from /opt/airflow/dags/microscopy_clean_n_move.py
[2026-02-05T12:10:12.871+0000] {processor.py:840} INFO - DAG(s) 'microscopy_cleanup_n_copy' retrieved from /opt/airflow/dags/microscopy_clean_n_move.py
[2026-02-05T12:10:12.884+0000] {logging_mixin.py:188} INFO - [2026-02-05T12:10:12.884+0000] {dag.py:3047} INFO - Sync 1 DAGs
[2026-02-05T12:10:12.894+0000] {logging_mixin.py:188} INFO - [2026-02-05T12:10:12.894+0000] {dag.py:3834} INFO - Setting next_dagrun for microscopy_cleanup_n_copy to 2026-02-05 12:05:00+00:00, run_after=2026-02-05 12:10:00+00:00
[2026-02-05T12:10:12.901+0000] {processor.py:183} INFO - Processing /opt/airflow/dags/microscopy_clean_n_move.py took 0.094 seconds
[2026-02-05T12:10:43.124+0000] {processor.py:161} INFO - Started process (PID=703) to work on /opt/airflow/dags/microscopy_clean_n_move.py
[2026-02-05T12:10:43.126+0000] {processor.py:830} INFO - Processing file /opt/airflow/dags/microscopy_clean_n_move.py for tasks to queue
[2026-02-05T12:10:43.126+0000] {logging_mixin.py:188} INFO - [2026-02-05T12:10:43.126+0000] {dagbag.py:540} INFO - Filling up the DagBag from /opt/airflow/dags/microscopy_clean_n_move.py
[2026-02-05T12:10:43.171+0000] {processor.py:840} INFO - DAG(s) 'microscopy_cleanup_n_copy' retrieved from /opt/airflow/dags/microscopy_clean_n_move.py
[2026-02-05T12:10:43.182+0000] {logging_mixin.py:188} INFO - [2026-02-05T12:10:43.182+0000] {dag.py:3047} INFO - Sync 1 DAGs
[2026-02-05T12:10:43.189+0000] {logging_mixin.py:188} INFO - [2026-02-05T12:10:43.189+0000] {dag.py:3834} INFO - Setting next_dagrun for microscopy_cleanup_n_copy to 2026-02-05 12:10:00+00:00, run_after=2026-02-05 12:15:00+00:00
[2026-02-05T12:10:43.194+0000] {processor.py:183} INFO - Processing /opt/airflow/dags/microscopy_clean_n_move.py took 0.076 seconds
[2026-02-05T12:11:13.431+0000] {processor.py:161} INFO - Started process (PID=708) to work on /opt/airflow/dags/microscopy_clean_n_move.py
[2026-02-05T12:11:13.432+0000] {processor.py:830} INFO - Processing file /opt/airflow/dags/microscopy_clean_n_move.py for tasks to queue
[2026-02-05T12:11:13.433+0000] {logging_mixin.py:188} INFO - [2026-02-05T12:11:13.433+0000] {dagbag.py:540} INFO - Filling up the DagBag from /opt/airflow/dags/microscopy_clean_n_move.py
[2026-02-05T12:11:13.483+0000] {processor.py:840} INFO - DAG(s) 'microscopy_cleanup_n_copy' retrieved from /opt/airflow/dags/microscopy_clean_n_move.py
[2026-02-05T12:11:13.495+0000] {logging_mixin.py:188} INFO - [2026-02-05T12:11:13.495+0000] {dag.py:3047} INFO - Sync 1 DAGs
[2026-02-05T12:11:13.503+0000] {logging_mixin.py:188} INFO - [2026-02-05T12:11:13.503+0000] {dag.py:3834} INFO - Setting next_dagrun for microscopy_cleanup_n_copy to 2026-02-05 12:10:00+00:00, run_after=2026-02-05 12:15:00+00:00
[2026-02-05T12:11:13.510+0000] {processor.py:183} INFO - Processing /opt/airflow/dags/microscopy_clean_n_move.py took 0.082 seconds
[2026-02-05T12:11:43.774+0000] {processor.py:161} INFO - Started process (PID=713) to work on /opt/airflow/dags/microscopy_clean_n_move.py
[2026-02-05T12:11:43.775+0000] {processor.py:830} INFO - Processing file /opt/airflow/dags/microscopy_clean_n_move.py for tasks to queue
[2026-02-05T12:11:43.776+0000] {logging_mixin.py:188} INFO - [2026-02-05T12:11:43.776+0000] {dagbag.py:540} INFO - Filling up the DagBag from /opt/airflow/dags/microscopy_clean_n_move.py
[2026-02-05T12:11:43.822+0000] {processor.py:840} INFO - DAG(s) 'microscopy_cleanup_n_copy' retrieved from /opt/airflow/dags/microscopy_clean_n_move.py
[2026-02-05T12:11:43.834+0000] {logging_mixin.py:188} INFO - [2026-02-05T12:11:43.834+0000] {dag.py:3047} INFO - Sync 1 DAGs
[2026-02-05T12:11:43.841+0000] {logging_mixin.py:188} INFO - [2026-02-05T12:11:43.841+0000] {dag.py:3834} INFO - Setting next_dagrun for microscopy_cleanup_n_copy to 2026-02-05 12:10:00+00:00, run_after=2026-02-05 12:15:00+00:00
[2026-02-05T12:11:43.849+0000] {processor.py:183} INFO - Processing /opt/airflow/dags/microscopy_clean_n_move.py took 0.079 seconds
[2026-02-05T12:12:14.064+0000] {processor.py:161} INFO - Started process (PID=718) to work on /opt/airflow/dags/microscopy_clean_n_move.py
[2026-02-05T12:12:14.066+0000] {processor.py:830} INFO - Processing file /opt/airflow/dags/microscopy_clean_n_move.py for tasks to queue
[2026-02-05T12:12:14.067+0000] {logging_mixin.py:188} INFO - [2026-02-05T12:12:14.066+0000] {dagbag.py:540} INFO - Filling up the DagBag from /opt/airflow/dags/microscopy_clean_n_move.py
[2026-02-05T12:12:14.123+0000] {processor.py:840} INFO - DAG(s) 'microscopy_cleanup_n_copy' retrieved from /opt/airflow/dags/microscopy_clean_n_move.py
[2026-02-05T12:12:14.135+0000] {logging_mixin.py:188} INFO - [2026-02-05T12:12:14.135+0000] {dag.py:3047} INFO - Sync 1 DAGs
[2026-02-05T12:12:14.143+0000] {logging_mixin.py:188} INFO - [2026-02-05T12:12:14.143+0000] {dag.py:3834} INFO - Setting next_dagrun for microscopy_cleanup_n_copy to 2026-02-05 12:10:00+00:00, run_after=2026-02-05 12:15:00+00:00
[2026-02-05T12:12:14.150+0000] {processor.py:183} INFO - Processing /opt/airflow/dags/microscopy_clean_n_move.py took 0.090 seconds
[2026-02-05T12:12:44.414+0000] {processor.py:161} INFO - Started process (PID=723) to work on /opt/airflow/dags/microscopy_clean_n_move.py
[2026-02-05T12:12:44.416+0000] {processor.py:830} INFO - Processing file /opt/airflow/dags/microscopy_clean_n_move.py for tasks to queue
[2026-02-05T12:12:44.417+0000] {logging_mixin.py:188} INFO - [2026-02-05T12:12:44.416+0000] {dagbag.py:540} INFO - Filling up the DagBag from /opt/airflow/dags/microscopy_clean_n_move.py
[2026-02-05T12:12:44.466+0000] {processor.py:840} INFO - DAG(s) 'microscopy_cleanup_n_copy' retrieved from /opt/airflow/dags/microscopy_clean_n_move.py
[2026-02-05T12:12:44.481+0000] {logging_mixin.py:188} INFO - [2026-02-05T12:12:44.481+0000] {dag.py:3047} INFO - Sync 1 DAGs
[2026-02-05T12:12:44.489+0000] {logging_mixin.py:188} INFO - [2026-02-05T12:12:44.489+0000] {dag.py:3834} INFO - Setting next_dagrun for microscopy_cleanup_n_copy to 2026-02-05 12:10:00+00:00, run_after=2026-02-05 12:15:00+00:00
[2026-02-05T12:12:44.498+0000] {processor.py:183} INFO - Processing /opt/airflow/dags/microscopy_clean_n_move.py took 0.092 seconds
[2026-02-05T12:13:14.737+0000] {processor.py:161} INFO - Started process (PID=728) to work on /opt/airflow/dags/microscopy_clean_n_move.py
[2026-02-05T12:13:14.738+0000] {processor.py:830} INFO - Processing file /opt/airflow/dags/microscopy_clean_n_move.py for tasks to queue
[2026-02-05T12:13:14.739+0000] {logging_mixin.py:188} INFO - [2026-02-05T12:13:14.739+0000] {dagbag.py:540} INFO - Filling up the DagBag from /opt/airflow/dags/microscopy_clean_n_move.py
[2026-02-05T12:13:14.792+0000] {processor.py:840} INFO - DAG(s) 'microscopy_cleanup_n_copy' retrieved from /opt/airflow/dags/microscopy_clean_n_move.py
[2026-02-05T12:13:14.803+0000] {logging_mixin.py:188} INFO - [2026-02-05T12:13:14.803+0000] {dag.py:3047} INFO - Sync 1 DAGs
[2026-02-05T12:13:14.811+0000] {logging_mixin.py:188} INFO - [2026-02-05T12:13:14.811+0000] {dag.py:3834} INFO - Setting next_dagrun for microscopy_cleanup_n_copy to 2026-02-05 12:10:00+00:00, run_after=2026-02-05 12:15:00+00:00
[2026-02-05T12:13:14.821+0000] {processor.py:183} INFO - Processing /opt/airflow/dags/microscopy_clean_n_move.py took 0.090 seconds
[2026-02-05T12:13:45.064+0000] {processor.py:161} INFO - Started process (PID=733) to work on /opt/airflow/dags/microscopy_clean_n_move.py
[2026-02-05T12:13:45.065+0000] {processor.py:830} INFO - Processing file /opt/airflow/dags/microscopy_clean_n_move.py for tasks to queue
[2026-02-05T12:13:45.065+0000] {logging_mixin.py:188} INFO - [2026-02-05T12:13:45.065+0000] {dagbag.py:540} INFO - Filling up the DagBag from /opt/airflow/dags/microscopy_clean_n_move.py
[2026-02-05T12:13:45.112+0000] {processor.py:840} INFO - DAG(s) 'microscopy_cleanup_n_copy' retrieved from /opt/airflow/dags/microscopy_clean_n_move.py
[2026-02-05T12:13:45.125+0000] {logging_mixin.py:188} INFO - [2026-02-05T12:13:45.125+0000] {dag.py:3047} INFO - Sync 1 DAGs
[2026-02-05T12:13:45.133+0000] {logging_mixin.py:188} INFO - [2026-02-05T12:13:45.133+0000] {dag.py:3834} INFO - Setting next_dagrun for microscopy_cleanup_n_copy to 2026-02-05 12:10:00+00:00, run_after=2026-02-05 12:15:00+00:00
[2026-02-05T12:13:45.143+0000] {processor.py:183} INFO - Processing /opt/airflow/dags/microscopy_clean_n_move.py took 0.084 seconds
[2026-02-05T12:14:15.372+0000] {processor.py:161} INFO - Started process (PID=738) to work on /opt/airflow/dags/microscopy_clean_n_move.py
[2026-02-05T12:14:15.374+0000] {processor.py:830} INFO - Processing file /opt/airflow/dags/microscopy_clean_n_move.py for tasks to queue
[2026-02-05T12:14:15.375+0000] {logging_mixin.py:188} INFO - [2026-02-05T12:14:15.374+0000] {dagbag.py:540} INFO - Filling up the DagBag from /opt/airflow/dags/microscopy_clean_n_move.py
[2026-02-05T12:14:15.426+0000] {processor.py:840} INFO - DAG(s) 'microscopy_cleanup_n_copy' retrieved from /opt/airflow/dags/microscopy_clean_n_move.py
[2026-02-05T12:14:15.437+0000] {logging_mixin.py:188} INFO - [2026-02-05T12:14:15.437+0000] {dag.py:3047} INFO - Sync 1 DAGs
[2026-02-05T12:14:15.445+0000] {logging_mixin.py:188} INFO - [2026-02-05T12:14:15.445+0000] {dag.py:3834} INFO - Setting next_dagrun for microscopy_cleanup_n_copy to 2026-02-05 12:10:00+00:00, run_after=2026-02-05 12:15:00+00:00
[2026-02-05T12:14:15.456+0000] {processor.py:183} INFO - Processing /opt/airflow/dags/microscopy_clean_n_move.py took 0.087 seconds
[2026-02-05T12:14:45.661+0000] {processor.py:161} INFO - Started process (PID=743) to work on /opt/airflow/dags/microscopy_clean_n_move.py
[2026-02-05T12:14:45.663+0000] {processor.py:830} INFO - Processing file /opt/airflow/dags/microscopy_clean_n_move.py for tasks to queue
[2026-02-05T12:14:45.664+0000] {logging_mixin.py:188} INFO - [2026-02-05T12:14:45.663+0000] {dagbag.py:540} INFO - Filling up the DagBag from /opt/airflow/dags/microscopy_clean_n_move.py
[2026-02-05T12:14:45.714+0000] {processor.py:840} INFO - DAG(s) 'microscopy_cleanup_n_copy' retrieved from /opt/airflow/dags/microscopy_clean_n_move.py
[2026-02-05T12:14:45.725+0000] {logging_mixin.py:188} INFO - [2026-02-05T12:14:45.725+0000] {dag.py:3047} INFO - Sync 1 DAGs
[2026-02-05T12:14:45.734+0000] {logging_mixin.py:188} INFO - [2026-02-05T12:14:45.734+0000] {dag.py:3834} INFO - Setting next_dagrun for microscopy_cleanup_n_copy to 2026-02-05 12:10:00+00:00, run_after=2026-02-05 12:15:00+00:00
[2026-02-05T12:14:45.740+0000] {processor.py:183} INFO - Processing /opt/airflow/dags/microscopy_clean_n_move.py took 0.083 seconds
[2026-02-05T12:15:15.997+0000] {processor.py:161} INFO - Started process (PID=748) to work on /opt/airflow/dags/microscopy_clean_n_move.py
[2026-02-05T12:15:15.999+0000] {processor.py:830} INFO - Processing file /opt/airflow/dags/microscopy_clean_n_move.py for tasks to queue
[2026-02-05T12:15:16.001+0000] {logging_mixin.py:188} INFO - [2026-02-05T12:15:16.000+0000] {dagbag.py:540} INFO - Filling up the DagBag from /opt/airflow/dags/microscopy_clean_n_move.py
[2026-02-05T12:15:16.052+0000] {processor.py:840} INFO - DAG(s) 'microscopy_cleanup_n_copy' retrieved from /opt/airflow/dags/microscopy_clean_n_move.py
[2026-02-05T12:15:16.073+0000] {logging_mixin.py:188} INFO - [2026-02-05T12:15:16.073+0000] {dag.py:3047} INFO - Sync 1 DAGs
[2026-02-05T12:15:16.082+0000] {logging_mixin.py:188} INFO - [2026-02-05T12:15:16.082+0000] {dag.py:3834} INFO - Setting next_dagrun for microscopy_cleanup_n_copy to 2026-02-05 12:10:00+00:00, run_after=2026-02-05 12:15:00+00:00
[2026-02-05T12:15:16.089+0000] {processor.py:183} INFO - Processing /opt/airflow/dags/microscopy_clean_n_move.py took 0.096 seconds
[2026-02-05T12:15:46.285+0000] {processor.py:161} INFO - Started process (PID=753) to work on /opt/airflow/dags/microscopy_clean_n_move.py
[2026-02-05T12:15:46.285+0000] {processor.py:830} INFO - Processing file /opt/airflow/dags/microscopy_clean_n_move.py for tasks to queue
[2026-02-05T12:15:46.286+0000] {logging_mixin.py:188} INFO - [2026-02-05T12:15:46.286+0000] {dagbag.py:540} INFO - Filling up the DagBag from /opt/airflow/dags/microscopy_clean_n_move.py
[2026-02-05T12:15:46.339+0000] {processor.py:840} INFO - DAG(s) 'microscopy_cleanup_n_copy' retrieved from /opt/airflow/dags/microscopy_clean_n_move.py
[2026-02-05T12:15:46.350+0000] {logging_mixin.py:188} INFO - [2026-02-05T12:15:46.350+0000] {dag.py:3047} INFO - Sync 1 DAGs
[2026-02-05T12:15:46.358+0000] {logging_mixin.py:188} INFO - [2026-02-05T12:15:46.358+0000] {dag.py:3834} INFO - Setting next_dagrun for microscopy_cleanup_n_copy to 2026-02-05 12:10:00+00:00, run_after=2026-02-05 12:15:00+00:00
[2026-02-05T12:15:46.364+0000] {processor.py:183} INFO - Processing /opt/airflow/dags/microscopy_clean_n_move.py took 0.083 seconds
